Workbook

Sheet 00_대시보드
A1: 동맥 학습 진행률 대시보드
A2: 계통 | B2: 전체 동맥 수 | C2: 체크 완료 | D2: 미완료 | E2: 진행률
A3: 심장동맥 · 폐동맥 (Coronary & Pulmonary) | B3: =COUNTA('01_심장동맥'!A3:A9) -> 7 | C3: =COUNTIF('01_심장동맥'!A3:A9,"☑") -> 0 | D3: =B3-C3 -> 7 | E3: =IFERROR(C3/B3,0) -> 0
A4: 대동맥 · 목 · 머리 동맥계 (Aorta / Head & Neck) | B4: =COUNTA('02_대동맥_목_머리동맥계'!A3:A15) -> 13 | C4: =COUNTIF('02_대동맥_목_머리동맥계'!A3:A15,"☑") -> 0 | D4: =B4-C4 -> 13 | E4: =IFERROR(C4/B4,0) -> 0
A5: 상지 동맥계 (Upper Limb) | B5: =COUNTA('03_상지동맥계'!A3:A11) -> 9 | C5: =COUNTIF('03_상지동맥계'!A3:A11,"☑") -> 0 | D5: =B5-C5 -> 9 | E5: =IFERROR(C5/B5,0) -> 0
A6: 가슴 동맥계 (Thorax) | B6: =COUNTA('04_가슴동맥계'!A3:A7) -> 5 | C6: =COUNTIF('04_가슴동맥계'!A3:A7,"☑") -> 0 | D6: =B6-C6 -> 5 | E6: =IFERROR(C6/B6,0) -> 0
A7: 배 동맥계 (Abdomen) | B7: =COUNTA('05_배동맥계'!A3:A13) -> 11 | C7: =COUNTIF('05_배동맥계'!A3:A13,"☑") -> 0 | D7: =B7-C7 -> 11 | E7: =IFERROR(C7/B7,0) -> 0
A8: 골반 · 샅 동맥계 (Pelvis & Perineum) | B8: =COUNTA('06_골반_샅동맥계'!A3:A11) -> 9 | C8: =COUNTIF('06_골반_샅동맥계'!A3:A11,"☑") -> 0 | D8: =B8-C8 -> 9 | E8: =IFERROR(C8/B8,0) -> 0
A9: 하지 동맥계 (Lower Limb) | B9: =COUNTA('07_하지동맥계'!A3:A10) -> 8 | C9: =COUNTIF('07_하지동맥계'!A3:A10,"☑") -> 0 | D9: =B9-C9 -> 8 | E9: =IFERROR(C9/B9,0) -> 0
A10: 전체 합계 | B10: =SUM(B3:B9) -> 62 | C10: =SUM(C3:C9) -> 0 | D10: =SUM(D3:D9) -> 62 | E10: =IFERROR(C10/B10,0) -> 0
A12: 사용법 1) 각 계통 시트에서 '체크' 열 셀을 클릭하면 ☐ / ☑ 목록이 나타납니다. 학습을 마친 동맥은 ☑로 표시하세요. 2) 이 대시보드는 각 시트의 체크 현황을 자동 집계합니다(수식 기반, 새로고침 불필요). 3) 각 시트는 큰동맥(본줄기) -> 가지 순서로 배치되어 있어, 위에서부터 순서대로 학습하면 분지 흐름이 자연스럽게 이어집니다. 4) 그림/이미지 매칭은 별도 프로젝트로 진행 예정이며, 이 파일은 내용(기시·주행경로·분지·문합·공급부위·촉진·임상) 학습용입니다.

Sheet 01_심장동맥
A1: 심장동맥 · 폐동맥 (Coronary & Pulmonary) — 동맥 학습 체크리스트 (총 7개, 큰동맥→가지 순)
A2: 체크 | B2: 그룹 | C2: 동맥명(한글) | D2: 동맥명(영문) | E2: 기시 | F2: 주행경로 | G2: 주요분지 | H2: 문합/종말 | I2: 공급부위 | J2: 동반구조물 | K2: 촉진 포인트 | L2: 임상 포인트 | M2: 메모
A3: ☐ | B3: 심장동맥 | C3: 오른심장동맥 | D3: Right coronary artery (RCA) | E3: 대동맥 오른쪽 대동맥동(Valsalva동) | F3: 오른심방-심실고랑을 따라 주행 후 뒤쪽으로 돌아 뒤심실사이고랑에 도달 | G3: 굴심방결절가지, 방실결절가지, 오른모서리가지, 뒤심실사이가지(PDA, 대부분) | H3: 왼심장동맥 휘돌이가지와 뒤쪽에서 문합, 앞심실사이가지와 심첨에서 문합 | I3: 오른심방, 오른심실, 굴심방결절·방실결절(대부분), 뒤중격 1/3 | J3: 작은심장정맥 | K3: 해당없음 (심장 표면 동맥, 체표 촉진 불가) | L3: 폐쇄 시 하벽심근경색(inferior MI), 서맥·방실차단 유발(결절 허혈)
A4: ☐ | B4: 심장동맥 | C4: 왼심장동맥(왼주간부) | D4: Left coronary artery (Left main) | E4: 대동맥 왼쪽 대동맥동(Valsalva동) | F4: 약 1~2cm 짧게 주행 후 앞심실사이가지·휘돌이가지로 분지 | G4: 앞심실사이가지(LAD), 휘돌이가지(Circumflex) | H4: 각 분지를 통해 오른심장동맥과 문합 | I4: 왼심실 대부분, 심실사이막 앞2/3 | J4: 큰심장정맥 | K4: 해당없음 | L4: "Widow maker" - 왼주간부 폐쇄 시 광범위 심근경색·급사 위험 높음
A5: ☐ | B5: 심장동맥 | C5: 앞심실사이가지 | D5: Anterior interventricular a. (LAD) | E5: 왼심장동맥 | F5: 앞심실사이고랑을 따라 심첨으로 주행 | G5: 대각가지, 중격뚫음가지(septal perforators) | H5: 심첨 부근에서 뒤심실사이가지와 문합 | I5: 왼심실 앞벽, 심실사이막 앞2/3, 다발갈래 | J5: 큰심장정맥 | K5: 해당없음 | L5: 가장 흔한 심근경색 호발혈관 - 앞벽 심근경색의 주범
A6: ☐ | B6: 심장동맥 | C6: 휘돌이가지 | D6: Circumflex branch | E6: 왼심장동맥 | F6: 왼심방-심실고랑을 따라 왼쪽·뒤쪽으로 주행 | G6: 둔각가지(obtuse marginal branches) | H6: 뒤쪽에서 오른심장동맥과 문합 | I6: 왼심방, 왼심실 가쪽벽·뒤벽 | J6: 왼심실뒤정맥 | K6: 해당없음 | L6: 폐쇄 시 가쪽·뒤벽 심근경색 - 심전도 변화가 미묘해 진단 지연 흔함
A7: ☐ | B7: 폐순환 | C7: 허파동맥줄기(폐동맥간) | D7: Pulmonary trunk | E7: 오른심실(허파동맥판막) | F7: 대동맥 앞왼쪽으로 위로 주행하다 대동맥활 아래(T4-T5)에서 좌우 허파동맥으로 갈라짐 | G7: 오른허파동맥, 왼허파동맥 | H7: 동맥관인대(ligamentum arteriosum)로 대동맥활과 연결(태생기 동맥관 흔적) | I7: 허파(가스교환용 탈산소혈 운반) | J7: 허파동맥판막, 심장막(줄기 근위부를 감쌈) | K7: 해당없음 | L7: 체순환과 반대로 탈산소혈이 흐르는 동맥 — 안장색전(saddle embolus)의 걸림부위, 폐동맥고혈압 평가 기준혈관
A8: ☐ | B8: 폐순환 | C8: 오른허파동맥 | D8: Right pulmonary artery | E8: 허파동맥줄기 | F8: 오름대동맥·위대정맥 뒤를 가로질러 오른허파문으로 진입(왼쪽보다 길다) | G8: 위엽·중간엽·아래엽동맥 → 각 구역(분절)동맥 | H8: 허파꽈리 모세혈관망에서 허파정맥으로 이행 | I8: 오른허파 전체 | J8: 오른주기관지(동맥이 기관지 앞아래), 허파정맥 | K8: 해당없음 | L8: CT폐동맥조영(CTPA)에서 폐색전증 판독의 기준 혈관 — 오른쪽이 길어 색전 호발
A9: ☐ | B9: 폐순환 | C9: 왼허파동맥 | D9: Left pulmonary artery | E9: 허파동맥줄기 | F9: 대동맥활 아래를 지나 왼허파문으로 짧게 진입, 왼주기관지 위를 넘어감 | G9: 위엽동맥(혀엽동맥 포함), 아래엽동맥 → 각 구역동맥 | H9: 허파꽈리 모세혈관망에서 허파정맥으로 이행 | I9: 왼허파 전체 | J9: 왼주기관지(동맥이 기관지 위), 동맥관인대·왼되돌이후두신경(근위부 인접) | K9: 해당없음 | L9: 왼되돌이후두신경이 동맥관인대를 감아 도는 지점과 인접 — 폐동맥 확장 시 쉰목소리 유발 가능

Sheet 02_대동맥_목_머리동맥계
A1: 대동맥 · 목 · 머리 동맥계 (Aorta / Head & Neck) — 동맥 학습 체크리스트 (총 13개, 큰동맥→가지 순)
A2: 체크 | B2: 그룹 | C2: 동맥명(한글) | D2: 동맥명(영문) | E2: 기시 | F2: 주행경로 | G2: 주요분지 | H2: 문합/종말 | I2: 공급부위 | J2: 동반구조물 | K2: 촉진 포인트 | L2: 임상 포인트 | M2: 메모
A3: ☐ | B3: 대동맥 본줄기 | C3: 오름대동맥 | D3: Ascending aorta | E3: 왼심실 | F3: 심장바닥에서 위로 짧게 주행 후 대동맥활로 이행 | G3: 오른심장동맥, 왼심장동맥 | H3: 대동맥활로 이행 | I3: (분지를 통해) 심장 | J3: 없음 (심장막에 싸임) | K3: 해당없음 | L3: 대동맥박리 호발부위(Stanford A형), 대동맥판막과 인접
A4: ☐ | B4: 대동맥 본줄기 | C4: 대동맥활 | D4: Aortic arch | E4: 오름대동맥 | F4: 왼쪽으로 활 모양으로 휘어 넘어가며 기관·식도 앞을 지나 가슴대동맥(하행)으로 이행 | G4: 팔머리동맥, 왼온목동맥, 왼빗장밑동맥 | H4: 가슴대동맥(하행대동맥) | I4: (분지를 통해) 머리·목·양팔 | J4: 왼미주신경, 왼되돌이후두신경(활을 감아 돎) | K4: 해당없음 | L4: 대동맥활 동맥류 시 왼되돌이후두신경 압박→쉰목소리(Ortner 증후군)
A5: ☐ | B5: 목 동맥계 | C5: 팔머리동맥(무명동맥) | D5: Brachiocephalic trunk | E5: 대동맥활 | F5: 오른쪽 위로 짧게 주행 | G5: 오른온목동맥, 오른빗장밑동맥 | H5: 각 분지로 이어짐 | I5: (분지를 통해) 오른쪽 머리·목·팔 | J5: 없음 | K5: 해당없음 | L5: 대동맥활 3대 분지 중 유일하게 좌우 비대칭 (왼쪽은 온목동맥·빗장밑동맥이 대동맥활에서 직접 분지)
A6: ☐ | B6: 목 동맥계 | C6: 온목동맥(총경동맥) | D6: Common carotid artery | E6: 오른쪽=팔머리동맥 / 왼쪽=대동맥활 | F6: 목빗근 안쪽, 기관·식도 가쪽에서 위로 주행 (목동맥집 속) | G6: 없음 (끝가지로 속목동맥·바깥목동맥으로 분지) | H6: 갑상연골 위모서리 높이(C4)에서 속목동맥·바깥목동맥으로 분지 | I6: (분지를 통해) 뇌, 얼굴, 머리덮개 | J6: 속목정맥, 미주신경 (목동맥집 안에서 나란히 주행) | K6: 목빗근 앞모서리, 방패연골 높이 (경동맥맥박) | L6: 목동맥팽대(carotid sinus, 분지부)에 압수용체 존재 - 죽상경화 호발부위(뇌졸중 원인)
A7: ☐ | B7: 목 동맥계 | C7: 속목동맥(내경동맥) | D7: Internal carotid artery | E7: 온목동맥 | F7: 목에서 가지 없이 올라가 관자뼈 목동맥관을 통해 두개내로 진입 | G7: (두개내) 눈동맥, 앞대뇌동맥, 중간대뇌동맥, 뒤교통동맥 | H7: 대뇌동맥고리(Willis 고리)를 이루며 뇌바닥동맥과 문합 | I7: 뇌(대뇌 대부분), 눈 | J7: 없음 (목 부분은 가지 없이 단독 주행) | K7: 해당없음 (깊이 주행, 직접 촉진 어려움) | L7: 죽상경화반 호발부위(분지부) - 경동맥협착증의 주요 병터, 스텐트·내막절제술 대상
A8: ☐ | B8: 머리 동맥계 | C8: 눈동맥(안동맥) | D8: Ophthalmic artery | E8: 속목동맥 (해면정맥굴을 나온 직후 첫 가지) | F8: 시각신경과 함께 시각신경관을 통해 눈확으로 진입, 시각신경 위를 가로질러 안쪽으로 주행 | G8: 중심망막동맥, 눈물샘동맥, 짧은·긴뒤섬모체동맥, 앞·뒤벌집동맥, 눈확위동맥, 도르래위동맥, 등쪽코동맥 | H8: 도르래위·등쪽코동맥이 얼굴동맥 가지와 눈안쪽모서리에서 문합(속목-바깥목동맥계 주요 연결로) | I8: 망막, 눈알, 눈물샘, 눈꺼풀, 이마 앞부분 | J8: 시각신경(시각신경관을 함께 통과) | K8: 해당없음 | L8: 중심망막동맥 폐쇄 시 급성 무통성 실명(안과 응급) — 일과성흑암시(amaurosis fugax)는 속목동맥 색전의 경고징후
A9: ☐ | B9: 목 동맥계 | C9: 바깥목동맥(외경동맥) | D9: External carotid artery | E9: 온목동맥 | F9: 목 앞·가쪽에서 위로 주행하며 다수 가지를 냄, 귀밑샘 속에서 위턱동맥·얕은관자동맥으로 끝분지 | G9: 위갑상샘동맥, 인두오름동맥, 혀동맥, 얼굴동맥, 뒤통수동맥, 뒤귀동맥, 위턱동맥, 얕은관자동맥 | H9: 위턱동맥·얕은관자동맥으로 끝분지, 반대쪽 가지들과 얼굴 정중선에서 문합 | I9: 얼굴, 머리덮개, 목의 대부분 구조 (뇌 제외) | J9: 없음 | K9: 해당없음 (가지들에서 촉진) | L9: 외상성 출혈 시 결찰 대상 - 뇌를 공급하지 않아 결찰해도 비교적 안전
A10: ☐ | B10: 목 동맥계 | C10: 얼굴동맥(안면동맥) | D10: Facial artery | E10: 바깥목동맥 | F10: 턱밑샘을 지나 아래턱뼈 아래모서리를 넘어 얼굴로 나와 입꼬리·코가쪽을 지나 눈안쪽모서리로 주행 | G10: 위입술동맥, 아래입술동맥, 코가쪽동맥 | H10: 눈동맥 가지(도르래위·눈확위동맥)와 눈안쪽모서리에서 문합 | I10: 얼굴 표정근, 입술, 코 | J10: 얼굴정맥 (다소 다른 경로로 주행) | K10: 아래턱뼈 아래모서리, 깨물근 앞모서리 | L10: 얼굴 열상 시 출혈 많은 혈관, 입술필러 시술 시 오인 주사 위험부위
A11: ☐ | B11: 목 동맥계 | C11: 얕은관자동맥(천측두동맥) | D11: Superficial temporal artery | E11: 바깥목동맥 (끝가지) | F11: 귀밑샘 속을 지나 광대활 위로 올라가 관자부위 피부밑 주행 | G11: 앞이마가지, 마루가지, 중간관자동맥 | H11: 반대쪽 얕은관자동맥, 눈확위동맥과 문합 | I11: 관자부위·이마 머리덮개, 귀밑샘 | J11: 관자정맥, 귀관자신경 | K11: 귀 앞쪽, 광대활 위 | L11: 거대세포동맥염(측두동맥염)의 호발혈관 - 진단 시 생검 대상
A12: ☐ | B12: 목 동맥계 | C12: 위턱동맥(악동맥) | D12: Maxillary artery | E12: 바깥목동맥 (끝가지) | F12: 아래턱뼈 목 안쪽을 지나 관자아래오목·날개입천장오목으로 주행 (3부분으로 구분) | G12: 아래이틀동맥, 중간뇌막동맥, 눈확아래동맥, 위이틀동맥 | H12: 얼굴동맥·눈동맥 가지들과 문합 | I12: 씹기근, 이틀(치아), 코안, 경질막(중간뇌막동맥) | J12: 하악신경 가지들과 동반 | K12: 해당없음 (깊이 주행) | L12: 중간뇌막동맥 손상 시 경질막바깥출혈(급성) - 익점(pterion) 골절과 연관
A13: ☐ | B13: 목 동맥계 | C13: 척추동맥(추골동맥) | D13: Vertebral artery | E13: 빗장밑동맥 | F13: C6~C1 가로구멍을 통해 위로 올라가 큰구멍(대공)을 통해 두개내 진입 | G13: 없음 (목 부분) - 두개내에서 좌우 합쳐져 뇌바닥동맥 | H13: 좌우 척추동맥이 합쳐져 뇌바닥동맥(기저동맥) 형성 | I13: 척수(목분절), 뇌줄기, 소뇌, 뒤대뇌 부위 | J13: 척추정맥얼기 | K13: 해당없음 | L13: 목 과신전·회전 시 손상 위험(척추동맥박리, 카이로프랙틱 시술 합병증 보고) - 후방순환 뇌졸중 원인
A14: ☐ | B14: 대뇌동맥고리 | C14: 뇌바닥동맥(기저동맥) | D14: Basilar artery | E14: 좌우 척추동맥의 합류 | F14: 뇌줄기(다리뇌) 앞면을 따라 위로 주행 | G14: 소뇌동맥(아래앞·위소뇌동맥), 다리뇌가지, 뒤대뇌동맥(끝분지) | H14: 뒤교통동맥을 통해 속목동맥계와 연결 (대뇌동맥고리 완성) | I14: 뇌줄기, 소뇌, 뒤대뇌반구·시상 | J14: 없음 | K14: 해당없음 | L14: 폐쇄 시 감금증후군(locked-in syndrome) 등 치명적 뇌줄기증후군 유발 가능
A15: ☐ | B15: 대뇌동맥고리 | C15: 대뇌동맥고리 구성동맥 | D15: Circle of Willis (ACA/MCA/PCA/AComm/PComm) | E15: 속목동맥(앞·중간대뇌동맥, 앞·뒤교통동맥) 및 뇌바닥동맥(뒤대뇌동맥) | F15: 뇌바닥에서 고리 모양으로 서로 연결 | G15: 중간대뇌동맥 → 렌즈핵선조체동맥(기저핵 공급) | H15: 고리 자체가 속목동맥계·척추뇌바닥동맥계 사이 주요 문합(측부순환로) | I15: 대뇌반구 전체 (앞·중간·뒤대뇌동맥 분포영역대로) | J15: 없음 | K15: 해당없음 | L15: 해부학적 변이 흔함(약 50%), 뇌동맥류 호발부위(특히 앞교통동맥), 한쪽 속목동맥 폐쇄 시 측부순환 경로

Sheet 03_상지동맥계
A1: 상지 동맥계 (Upper Limb) — 동맥 학습 체크리스트 (총 9개, 큰동맥→가지 순)
A2: 체크 | B2: 그룹 | C2: 동맥명(한글) | D2: 동맥명(영문) | E2: 기시 | F2: 주행경로 | G2: 주요분지 | H2: 문합/종말 | I2: 공급부위 | J2: 동반구조물 | K2: 촉진 포인트 | L2: 임상 포인트 | M2: 메모
A3: ☐ | B3: 팔이음구조 | C3: 빗장밑동맥(쇄골하동맥) | D3: Subclavian artery | E3: 오른쪽=팔머리동맥 / 왼쪽=대동맥활 | F3: 앞목갈비근 위를 지나 첫째갈비뼈 가쪽모서리에서 겨드랑동맥으로 이행 | G3: 척추동맥, 속가슴동맥, 갑상목동맥, 갈비목동맥 | H3: 첫째갈비뼈 가쪽모서리에서 겨드랑동맥으로 이름이 바뀜 | I3: (분지를 통해) 뇌, 목, 가슴벽, 어깨 | J3: 빗장밑정맥(앞목갈비근 앞), 팔신경얼기 | K3: 빗장위오목에서 깊게 촉진 가능 | L3: 흉곽출구증후군에서 압박받는 혈관, 도둑동맥증후군(subclavian steal)
A4: ☐ | B4: 팔이음구조 | C4: 겨드랑동맥(액와동맥) | D4: Axillary artery | E4: 빗장밑동맥 (첫째갈비뼈 가쪽모서리부터) | F4: 겨드랑오목을 지나 작은가슴근 기준 3부분으로 구분, 큰원근 아래모서리에서 위팔동맥으로 이행 | G4: 위가슴벽동맥, 가슴봉우리동맥, 가쪽가슴동맥, 어깨밑동맥, 앞·뒤위팔휨동맥 | H4: 큰원근 아래모서리에서 위팔동맥으로 이름이 바뀜 | I4: 어깨 근육(가시위·가시아래근 등), 가슴벽 가쪽부 | J4: 겨드랑정맥, 팔신경얼기(다발이 동맥을 감쌈) | K4: 겨드랑오목 깊은 곳 | L4: 어깨탈구 시 손상 위험(특히 앞위팔휨동맥), 겨드랑림프절절제술 시 주의 구조물
A5: ☐ | B5: 팔 동맥계 | C5: 위팔동맥(상완동맥) | D5: Brachial artery | E5: 겨드랑동맥 (큰원근 아래모서리부터) | F5: 위팔 안쪽 위팔두갈래근 안쪽고랑을 따라 내려가 팔오금에서 노동맥·자동맥으로 분지 | G5: 위팔깊은동맥, 위·아래자쪽곁동맥 | H5: 팔오금(노뼈목 높이)에서 노동맥·자동맥으로 분지 | I5: 위팔 앞칸 근육(위팔두갈래근, 위팔근 등) | J5: 정중신경(아래팔에서 동맥과 교차), 위팔정맥 | K5: 위팔두갈래근 안쪽고랑, 팔오금 안쪽 (혈압측정 청진부위) | L5: 혈압측정의 표준 촉진·청진 부위, 위팔뼈골절 시 노신경과 함께 손상 위험
A6: ☐ | B6: 팔 동맥계 | C6: 위팔깊은동맥(상완심동맥) | D6: Deep brachial (profunda brachii) artery | E6: 위팔동맥 (근위부 첫 큰 가지) | F6: 노신경과 함께 위팔뼈 노신경고랑(나선고랑)을 따라 뒤칸으로 감아 돌아 내려감 | G6: 중간곁동맥, 노쪽곁동맥 | H6: 노쪽되돌이동맥·뼈사이되돌이동맥과 팔꿈치동맥그물에서 문합 | I6: 위팔세갈래근, 위팔뼈 몸통, 노신경 | J6: 노신경(나선고랑에서 동반 주행) | K6: 해당없음 | L6: 위팔뼈 몸통 골절 시 노신경과 함께 손상되는 대표 혈관 — 팔꿈치동맥그물로 측부순환 확보
A7: ☐ | B7: 팔 동맥계 | C7: 노동맥(요골동맥) | D7: Radial artery | E7: 위팔동맥 (팔오금에서 분지) | F7: 노쪽손목굽힘근 힘줄 가쪽을 따라 아래팔 가쪽으로 내려가 손목에서 해부학적코담배갑을 지나 손등으로 감 | G7: 노쪽되돌이동맥, 얕은손바닥가지 | H7: 깊은손바닥활(주형성)에서 자동맥 깊은가지와 문합 | I7: 아래팔 가쪽 근육 일부, 손등·엄지 | J7: 노신경 얕은가지(손목 부근 인접) | K7: 손목 앞가쪽, 노쪽손목굽힘근 힘줄 가쪽 (가장 흔한 맥박 촉진부위) | L7: 동맥혈가스검사·동맥관 삽입 표준 부위(Allen test 선행), 해부학적코담배갑 바닥에서 손배뼈 골절과 인접
A8: ☐ | B8: 팔 동맥계 | C8: 자동맥(척골동맥) | D8: Ulnar artery | E8: 위팔동맥 (팔오금에서 분지) | F8: 자쪽손목굽힘근 아래를 따라 아래팔 안쪽으로 내려가 손목 Guyon관을 통해 손으로 진입 | G8: 온뼈사이동맥, 자쪽되돌이동맥 | H8: 얕은손바닥활(주형성)에서 노동맥 얕은가지와 문합 | I8: 아래팔 안쪽 근육 대부분, 손바닥·새끼쪽 | J8: 자신경 (손목에서 Guyon관을 함께 통과) | K8: 손목 앞안쪽, 자쪽손목굽힘근 힘줄 안쪽 | L8: Guyon관 증후군에서 자신경과 함께 압박 가능, 손목 열상 시 자신경 동반손상 흔함
A9: ☐ | B9: 팔 동맥계 | C9: 온뼈사이동맥(총골간동맥) | D9: Common interosseous artery | E9: 자동맥 | F9: 짧게 주행 후 뼈사이막 앞·뒤로 나뉘어 앞·뒤뼈사이동맥으로 분지 | G9: 앞뼈사이동맥, 뒤뼈사이동맥 | H9: 손목 부위에서 노동맥·자동맥 가지들과 문합 | I9: 아래팔 깊은층 근육(긴엄지굽힘근, 네모엎침근 등) | J9: 정중신경의 앞뼈사이신경(앞뼈사이동맥과 동반) | K9: 해당없음 | L9: 아래팔 깊은구획증후군과 관련된 주요 혈관
A10: ☐ | B10: 손 동맥계 | C10: 얕은손바닥동맥활 | D10: Superficial palmar arch | E10: 자동맥(주끝가지) + 노동맥 얕은손바닥가지(문합) | F10: 손바닥널힘줄 바로 아래, 굽힘근지지띠보다 원위부에서 활 모양으로 주행 | G10: 온바닥쪽손가락동맥(4개) → 고유바닥쪽손가락동맥 | H10: 노동맥 가지와 문합하여 활을 완성 | I10: 손바닥, 손가락(바닥쪽) | J10: 정중신경 손바닥가지 | K10: 손바닥 중앙 (깊게 촉진 시) | L10: 손바닥 열상 시 출혈 다량 - 깊은손바닥활보다 얕아 손상 빈도 높음
A11: ☐ | B11: 손 동맥계 | C11: 깊은손바닥동맥활 | D11: Deep palmar arch | E11: 노동맥(주끝가지) + 자동맥 깊은가지(문합) | F11: 뼈사이근 위, 굽힘근힘줄보다 깊은층에서 활 모양으로 주행 | G11: 바닥쪽손허리동맥(3개) | H11: 자동맥 깊은가지와 문합 | I11: 뼈사이근, 엄지두덩근 일부 | J11: 자신경 깊은가지(운동가지, 동맥과 동반주행) | K11: 해당없음 (깊이 위치) | L11: 손 수술(특히 손허리뼈 접근) 시 손상 주의 구조물

Sheet 04_가슴동맥계
A1: 가슴 동맥계 (Thorax) — 동맥 학습 체크리스트 (총 5개, 큰동맥→가지 순)
A2: 체크 | B2: 그룹 | C2: 동맥명(한글) | D2: 동맥명(영문) | E2: 기시 | F2: 주행경로 | G2: 주요분지 | H2: 문합/종말 | I2: 공급부위 | J2: 동반구조물 | K2: 촉진 포인트 | L2: 임상 포인트 | M2: 메모
A3: ☐ | B3: 가슴 본줄기 | C3: 가슴대동맥(흉대동맥) | D3: Thoracic aorta (descending) | E3: 대동맥활 (T4 높이) | F3: 척추 왼쪽 앞을 따라 내려가 가로막 대동맥틈새(T12)를 지나 배대동맥으로 이행 | G3: 뒤갈비사이동맥(9쌍), 위가로막동맥, 기관지동맥, 식도동맥, 심장막가지 | H3: 가로막 대동맥틈새를 지나 배대동맥으로 이행 | I3: 가슴벽, 가슴안 내장(식도, 기관지, 심장막) | J3: 가슴림프관(오른쪽에서 동반 주행) | K3: 해당없음 | L3: 대동맥박리(Stanford B형) 호발부위, 대동맥협착(coarctation) 호발부위 인접
A4: ☐ | B4: 가슴벽 동맥계 | C4: 뒤갈비사이동맥(후늑간동맥) | D4: Posterior intercostal arteries | E4: 가슴대동맥(3~11번), 1~2번은 갈비목동맥 | F4: 갈비뼈 사이공간을 따라 앞쪽으로 주행, 갈비뼈 아래모서리 갈비고랑을 따라 감 | G4: 등쪽가지(등근육·척수막), 가쪽피부가지 | H4: 앞쪽에서 속가슴동맥의 앞갈비사이가지와 문합 | I4: 갈비사이근, 가슴벽 피부, 척수(척수가지) | J4: 갈비사이신경·정맥과 갈비고랑에서 동반주행 (정맥-동맥-신경 순) | K4: 해당없음 | L4: 흉강천자(chest tube) 시 갈비뼈 위모서리 자상 원칙 - 갈비고랑 혈관신경다발 손상 회피 목적
A5: ☐ | B5: 가슴벽 동맥계 | C5: 속가슴동맥(내흉동맥) | D5: Internal thoracic artery | E5: 빗장밑동맥 | F5: 복장뼈 가쪽 약 1cm에서 아래로 주행, 6번 갈비사이공간에서 위배벽동맥·근육가로막동맥으로 끝분지 | G5: 앞갈비사이가지, 심장막가로막동맥, 근육가로막동맥, 위배벽동맥(끝가지) | H5: 위배벽동맥이 배곧은근 안에서 아래배벽동맥과 문합 (중요 측부순환로) | I5: 가슴벽 앞부분, 가로막, 배곧은근 위부분 | J5: 속가슴정맥 | K5: 해당없음 | L5: 심장동맥우회술(CABG)의 대표적 이식편 혈관(왼속가슴동맥→LAD 문합, 장기개통률 우수)
A6: ☐ | B6: 가슴안 내장동맥 | C6: 기관지동맥 | D6: Bronchial arteries | E6: 가슴대동맥 (대개 왼쪽 2개, 오른쪽 1개, 변이 많음) | F6: 기관지를 따라 허파문으로 들어가 기관지나무를 따라 분포 | G6: 없음 (기관지 분지를 따라 세분) | H6: 허파동맥가지와 모세혈관 수준에서 문합 | I6: 기관지벽, 허파 지지조직 (가스교환 조직은 허파동맥이 담당) | J6: 없음 | K6: 해당없음 | L6: 객혈(hemoptysis)의 주요 출혈원(체순환 고압 혈관) - 색전술 대상
A7: ☐ | B7: 가슴안 내장동맥 | C7: 식도동맥 | D7: Esophageal arteries | E7: 가슴대동맥 | F7: 식도벽을 따라 분포 (짧은 여러 가지) | G7: 없음 | H7: 위로는 아래갑상샘동맥, 아래로는 왼위동맥 가지와 문합 (식도 문합사슬) | I7: 식도 중간부분 | J7: 없음 | K7: 해당없음 | L7: 식도절제술 시 분절별 혈류 공급원 이해 필요 (상:아래갑상샘동맥, 중:식도동맥, 하:왼위동맥)

Sheet 05_배동맥계
A1: 배 동맥계 (Abdomen) — 동맥 학습 체크리스트 (총 11개, 큰동맥→가지 순)
A2: 체크 | B2: 그룹 | C2: 동맥명(한글) | D2: 동맥명(영문) | E2: 기시 | F2: 주행경로 | G2: 주요분지 | H2: 문합/종말 | I2: 공급부위 | J2: 동반구조물 | K2: 촉진 포인트 | L2: 임상 포인트 | M2: 메모
A3: ☐ | B3: 배 본줄기 | C3: 배대동맥(복대동맥) | D3: Abdominal aorta | E3: 가슴대동맥 (가로막 대동맥틈새, T12) | F3: 척추 앞을 따라 내려가 L4 높이에서 좌우 온엉덩동맥으로 끝분지 | G3: 복강동맥·위창자간막동맥·아래창자간막동맥(짝없는 내장가지) / 콩팥동맥·생식샘동맥·아래가로막동맥(짝있는가지) / 허리동맥(벽쪽) | H3: L4 높이에서 좌우 온엉덩동맥으로 분지 | I3: (분지를 통해) 배안 내장 전체, 배벽, 다리 | J3: 아래대정맥(오른쪽에서 동반), 배대동맥신경얼기 | K3: 배꼽 약간 왼쪽·위에서 깊게 촉진 가능(마른 체형) | L3: 배대동맥류(AAA) 호발부위(특히 콩팥동맥 아래) - 파열 시 치명적, 초음파 선별검사 대상
A4: ☐ | B4: 내장동맥(짝없음) | C4: 복강동맥 | D4: Celiac trunk | E4: 배대동맥 (T12 높이, 대동맥틈새 바로 아래) | F4: 짧게 앞으로 주행 후 즉시 3가지로 분지 | G4: 온간동맥, 지라동맥, 왼위동맥 | H4: 각 분지를 통해 위창자간막동맥계와 문합(위십이지장동맥 ↔ 아래이자십이지장동맥) | I4: 위, 간, 지라, 이자, 십이지장 위쪽 | J4: 복강신경얼기(동맥 주위를 감쌈) | K4: 해당없음 | L4: 정중활꼴인대증후군(median arcuate ligament syndrome)에서 압박 받을 수 있는 혈관
A5: ☐ | B5: 내장동맥(짝없음) | C5: 온간동맥(총간동맥) | D5: Common hepatic artery | E5: 복강동맥 | F5: 오른쪽으로 주행하며 위십이지장동맥을 낸 뒤 고유간동맥으로 이행 | G5: 위십이지장동맥, 고유간동맥(끝가지) → 오른위동맥은 통상 고유간동맥에서 분지(온간동맥 직접 분지는 변이) | H5: 위십이지장동맥이 아래이자십이지장동맥(SMA계)과 문합 | I5: 간, 쓸개, 위 작은굽이, 이자머리·십이지장(위십이지장동맥 통해) | J5: 간문맥, 온쓸개관 (문맥삼조: 동맥-정맥-관) | K5: 해당없음 | L5: 간이식·쓸개절제술 시 핵심 랜드마크 혈관(Calot 삼각 내 쓸개동맥 변이 주의)
A6: ☐ | B6: 내장동맥(짝없음) | C6: 지라동맥(비장동맥) | D6: Splenic artery | E6: 복강동맥 | F6: 이자 위모서리를 따라 구불구불하게 왼쪽으로 주행하여 지라문으로 진입 | G6: 이자가지(여러개), 짧은위동맥, 왼위대망동맥(왼위그물막동맥) | H6: 짧은위동맥·왼위대망동맥(왼위그물막동맥)이 각각 오른위동맥·오른위대망동맥(오른위그물막동맥)과 문합 | I6: 지라, 이자 몸통·꼬리, 위 큰굽이 위쪽 | J6: 지라정맥(동맥 아래쪽에서 동반) | K6: 해당없음 | L6: 매우 구불구불한 주행이 특징(영상에서 식별 용이), 이자꼬리절제술 시 지라 함께 손상 위험
A7: ☐ | B7: 내장동맥(짝없음) | C7: 왼위동맥(좌위동맥) | D7: Left gastric artery | E7: 복강동맥 (가장 작은 가지) | F7: 위 작은굽이를 따라 오른쪽으로 주행 | G7: 식도가지 | H7: 오른위동맥(고유간동맥 가지)과 위 작은굽이에서 문합 | I7: 위 작은굽이, 식도 아래부분 | J7: 없음 | K7: 해당없음 | L7: 위암 수술(위절제술) 시 림프절 청소의 기준 혈관 중 하나
A8: ☐ | B8: 내장동맥(짝없음) | C8: 위창자간막동맥(상장간막동맥) | D8: Superior mesenteric artery (SMA) | E8: 배대동맥 (L1 높이, 복강동맥 바로 아래) | F8: 이자 목 뒤를 지나 창자간막 사이로 내려가며 창자고리(arcade) 형성 | G8: 아래이자십이지장동맥, 중간결장동맥, 오른결장동맥, 돌창자결장동맥, 다수의 공장·회장동맥 | H8: 아래이자십이지장동맥이 위십이지장동맥과 문합, 가장자리동맥으로 IMA와 연속 | I8: 작은창자 전체(십이지장 아래~돌창자), 큰창자 오른쪽(막창자~횡행결장 2/3) | J8: 위창자간막정맥 | K8: 해당없음 | L8: 급성 장간막허혈의 주요 원인 혈관(색전 호발), SMA증후군(십이지장 압박) 원인 혈관
A9: ☐ | B9: 내장동맥(짝없음) | C9: 아래창자간막동맥(하장간막동맥) | D9: Inferior mesenteric artery (IMA) | E9: 배대동맥 (L3 높이) | F9: 배대동맥 왼쪽 앞을 따라 아래로 주행 | G9: 왼결장동맥, 구불결장동맥(들), 위직장동맥(끝가지) | H9: 위직장동맥이 중간·아래직장동맥(속엉덩동맥 가지)과 문합, 가장자리동맥으로 SMA와 연속 | I9: 큰창자 왼쪽(횡행결장 1/3~직장 위부분) | J9: 없음 | K9: 해당없음 | L9: Griffiths point(SMA-IMA 경계)·Sudeck point(IMA-직장동맥 경계)는 허혈성 대장염 호발부위
A10: ☐ | B10: 내장동맥(짝있음) | C10: 콩팥동맥(신동맥) | D10: Renal artery | E10: 배대동맥 (L1~L2 높이, SMA 바로 아래) | F10: 좌우로 짧게 주행하여 콩팥문으로 진입(오른쪽이 아래대정맥을 지나 더 길고 아래쪽 주행) | G10: 앞가지·뒤가지(콩팥분절동맥), 위·아래콩팥동맥 | H10: 콩팥 안에서 끝동맥(end artery)으로 분포 - 문합 거의 없음 | I10: 콩팥 | J10: 콩팥정맥(동맥 앞쪽) | K10: 해당없음 | L10: 콩팥동맥협착증(섬유근이형성증/죽상경화)이 이차성 고혈압의 원인, 끝동맥 폐쇄 시 해당 분절 경색
A11: ☐ | B11: 내장동맥(짝있음) | C11: 생식샘동맥(고환/난소동맥) | D11: Testicular / Ovarian artery | E11: 배대동맥 (콩팥동맥보다 약간 아래, L2 높이) | F11: 뒤배벽을 따라 길게 아래로 주행 - 고환동맥은 샅고랑관을 지나 음낭까지, 난소동맥은 난소걸이인대를 따라 골반내 주행 | G11: 없음 | H11: 고환동맥은 정관동맥과, 난소동맥은 자궁동맥 가지와 문합 | I11: 고환·부고환 또는 난소·자궁관 | J11: 덩굴정맥얼기(고환동맥 주위, 정삭 내) | K11: 해당없음 | L11: 발생학적으로 콩팥 높이에서 기원해 길게 하강한 혈관(고환의 배아기 하강과 관련), 정계정맥류 수술적 접근 시 이해 필요
A12: ☐ | B12: 벽쪽동맥 | C12: 아래가로막동맥(하횡격막동맥) | D12: Inferior phrenic artery | E12: 배대동맥 (가로막 바로 아래, 복강동맥과 비슷한 높이) | F12: 가로막 아래면을 따라 방사상으로 주행 | G12: 위쪽부신동맥 | H12: 속가슴동맥의 심장막가로막동맥과 위쪽에서 문합 | I12: 가로막, 부신(위쪽) | J12: 없음 | K12: 해당없음 | L12: 부신은 위(아래가로막동맥)·중간(배대동맥 직접)·아래(콩팥동맥) 3중 동맥공급 - 시험 단골 포인트
A13: ☐ | B13: 벽쪽동맥 | C13: 허리동맥(요동맥) | D13: Lumbar arteries | E13: 배대동맥 (보통 4쌍, L1~L4 높이) | F13: 허리뼈 몸통 가쪽을 따라 뒤가쪽으로 주행, 배가로근·널힘줄 사이로 | G13: 등쪽가지(척수가지 포함) | H13: 위·아래 인접 허리동맥끼리, 엉덩허리동맥(속엉덩동맥 가지)과 문합 | I13: 뒤배벽 근육(허리네모근, 배가로근 등), 척수 | J13: 교감신경줄기(척주 앞을 지날 때 인접) | K13: 해당없음 | L13: 배대동맥류 수술 시 결찰 대상 가지가 될 수 있음(척수앞동맥 혈류 고려 필요 - 척수허혈 위험)

Sheet 06_골반_샅동맥계
A1: 골반 · 샅 동맥계 (Pelvis & Perineum) — 동맥 학습 체크리스트 (총 9개, 큰동맥→가지 순)
A2: 체크 | B2: 그룹 | C2: 동맥명(한글) | D2: 동맥명(영문) | E2: 기시 | F2: 주행경로 | G2: 주요분지 | H2: 문합/종말 | I2: 공급부위 | J2: 동반구조물 | K2: 촉진 포인트 | L2: 임상 포인트 | M2: 메모
A3: ☐ | B3: 골반 본줄기 | C3: 온엉덩동맥(총장골동맥) | D3: Common iliac artery | E3: 배대동맥 (L4 높이 끝분지) | F3: 아래가쪽으로 짧게 주행 후 엉치엉덩관절 앞에서 속·바깥엉덩동맥으로 분지 | G3: 없음 (끝가지로 분지) | H3: 속엉덩동맥+바깥엉덩동맥으로 분지 | I3: (분지를 통해) 골반, 다리 | J3: 온엉덩정맥 | K3: 해당없음 (깊이 위치) | L3: 골반강 내 종양·임신자궁 압박으로 정맥혈전증(특히 왼쪽, May-Thurner 증후군) 유발 가능한 인접혈관
A4: ☐ | B4: 골반 동맥계 | C4: 속엉덩동맥(내장골동맥) | D4: Internal iliac artery | E4: 온엉덩동맥 | F4: 골반안으로 내려가며 앞가지·뒤가지로 나뉨 | G4: [벽쪽] 엉덩허리동맥, 가쪽엉치동맥, 위·아래볼기동맥, 폐쇄동맥 / [내장쪽] 속음부동맥, 아래방광동맥, 중간직장동맥, 자궁동맥(여성) | H4: 위·아래볼기동맥은 깊넙다리동맥 가지와, 폐쇄동맥은 아래배벽동맥과 문합 | I4: 골반벽, 골반장기(방광, 직장, 생식기), 볼기부위 | J4: 속엉덩정맥, 엉치신경얼기 | K4: 해당없음 | L4: 산후출혈 시 결찰 대상(자궁동맥/속엉덩동맥 결찰), 골반골절 시 출혈 주요 원인 - 색전술 대상
A5: ☐ | B5: 골반 동맥계 | C5: 위볼기동맥(상둔동맥) | D5: Superior gluteal artery | E5: 속엉덩동맥 뒤가지 | F5: 큰궁둥구멍(궁둥구멍근 위구멍)을 지나 볼기부위로 나옴 (골반을 나오는 가장 큰 가지) | G5: 얕은가지, 깊은가지 | H5: 깊넙다리동맥 관통동맥가지들과 문합 | I5: 중간볼기근, 작은볼기근, 궁둥구멍근 | J5: 위볼기신경(같은 구멍 통과) | K5: 해당없음 | L5: 골반골절·볼기부위 근육주사 시 손상 위험(엉덩이 근육주사는 이 혈관 손상 회피 위해 가쪽위구역에 시행)
A6: ☐ | B6: 골반 동맥계 | C6: 아래볼기동맥(하둔동맥) | D6: Inferior gluteal artery | E6: 속엉덩동맥 앞가지 | F6: 큰궁둥구멍(궁둥구멍근 아래구멍)을 지나 볼기부위로 나옴 | G6: 궁둥신경동반동맥(comitans artery of sciatic nerve) | H6: 관통동맥가지, 오금동맥 가지와 문합 | I6: 큰볼기근, 뒤넙다리근육 위쪽부분 | J6: 궁둥신경(아래쪽에서 인접 주행) | K6: 해당없음 | L6: 궁둥신경과 매우 인접 - 볼기부위 수술 시 함께 고려해야 할 혈관
A7: ☐ | B7: 샅 동맥계 | C7: 속음부동맥(내음부동맥) | D7: Internal pudendal artery | E7: 속엉덩동맥 앞가지 | F7: 궁둥구멍근 아래구멍을 나왔다가 궁둥가시를 돌아 작은궁둥구멍을 통해 샅부위(음부관, Alcock관)로 진입 | G7: 아래직장동맥, 회음동맥, 음경·음핵동맥(끝가지) | H7: 음경(음핵)등동맥으로 끝남 | I7: 샅부위 전체(항문관 아래부분, 외생식기, 골반바닥근) | J7: 음부신경(음부관 안에서 동반 주행) | K7: 해당없음 | L7: 샅(회음) 부위 주 혈액공급원 - 회음열상·분만손상 시 중요, 발기부전의 혈관성 원인과 관련
A8: ☐ | B8: 골반 동맥계 | C8: 자궁동맥 | D8: Uterine artery | E8: 속엉덩동맥 앞가지 (여성) | F8: 골반 옆벽에서 안쪽으로 주행해 자궁목 높이에서 요관 위를 가로질러(water under the bridge) 자궁으로 | G8: 질가지, 자궁목가지, 난소가지, 자궁관가지 | H8: 난소동맥(배대동맥 기원)과 자궁각에서 문합 | I8: 자궁, 자궁목, 질 위부분, 자궁관·난소 일부 | J8: 요관(동맥 아래를 지남 — 자궁절제술 최대 주의점) | K8: 해당없음 | L8: 'water under the bridge'(요관이 동맥 아래) — 자궁절제술 중 요관손상 회피의 핵심 해부, 산후출혈 색전술 표적
A9: ☐ | B9: 골반 동맥계 | C9: 중간곧창자동맥 | D9: Middle rectal artery | E9: 속엉덩동맥 앞가지 | F9: 골반바닥 위를 따라 안쪽으로 주행하여 곧창자 중간부분으로 | G9: 곧창자벽가지, (남성)전립샘·정낭가지 | H9: 위곧창자동맥(IMA계)·아래곧창자동맥(속음부동맥)과 곧창자벽에서 문합 | I9: 곧창자 중간부분, 전립샘·정낭(남성) | J9: 없음 | K9: 해당없음 | L9: 곧창자는 위(IMA)·중간(속엉덩)·아래(속음부) 3계통 문합으로 공급 — 저위전방절제술 시 혈류평가 기준
A10: ☐ | B10: 골반 동맥계 | C10: 폐쇄동맥(폐쇄공동맥) | D10: Obturator artery | E10: 속엉덩동맥 앞가지 | F10: 골반 옆벽을 따라 앞으로 주행하여 폐쇄구멍(폐쇄관)을 통해 넙다리 안쪽으로 나감 | G10: 두덩가지, 넙다리뼈머리동맥가지(소아 넙다리뼈머리 혈액공급에 중요) | H10: 아래배벽동맥의 두덩가지와 문합 ("corona mortis" 변이혈관) | I10: 두덩근, 모음근군, (소아)넙다리뼈머리 | J10: 폐쇄신경(같은 관을 통과) | K10: 해당없음 | L10: 사타구니탈장수술 시 corona mortis 변이혈관 손상에 의한 치명적 출혈 주의부위로 유명
A11: ☐ | B11: 골반 본줄기 | C11: 바깥엉덩동맥(외장골동맥) | D11: External iliac artery | E11: 온엉덩동맥 | F11: 골반 안쪽벽을 따라 아래가쪽으로 주행하여 샅고랑인대 아래를 지나 넙다리동맥으로 이행 | G11: 아래배벽동맥, 깊은엉덩휘돌이동맥 | H11: 샅고랑인대 높이(넙다리혈관집 입구)에서 넙다리동맥으로 이름이 바뀜 | I11: (분지를 통해) 아래배벽, 골반 앞부분 | J11: 바깥엉덩정맥 | K11: 해당없음 (깊이 위치, 샅고랑인대 바로 위) | L11: 아래배벽동맥은 넙다리탈장·샅고랑탈장 감별의 해부학적 기준(직접·간접 샅고랑탈장 구분)

Sheet 07_하지동맥계
A1: 하지 동맥계 (Lower Limb) — 동맥 학습 체크리스트 (총 8개, 큰동맥→가지 순)
A2: 체크 | B2: 그룹 | C2: 동맥명(한글) | D2: 동맥명(영문) | E2: 기시 | F2: 주행경로 | G2: 주요분지 | H2: 문합/종말 | I2: 공급부위 | J2: 동반구조물 | K2: 촉진 포인트 | L2: 임상 포인트 | M2: 메모
A3: ☐ | B3: 넙다리 동맥계 | C3: 넙다리동맥(대퇴동맥) | D3: Femoral artery | E3: 바깥엉덩동맥 (샅고랑인대 아래부터) | F3: 넙다리세모(femoral triangle) 안을 지나 모음근관(Hunter관)을 통해 아래로 주행, 모음근구멍을 지나 오금동맥이 됨 | G3: 깊넙다리동맥, 얕은배벽동맥, 얕은엉덩휘돌이동맥, 바깥음부동맥 | H3: 모음근구멍을 지나 오금동맥으로 이름이 바뀜 | I3: (분지를 통해) 넙다리 앞칸, 배벽 아래부분 | J3: 넙다리정맥(안쪽), 넙다리신경(가쪽) - 가쪽부터 신경-동맥-정맥 | K3: 샅고랑인대 중점(넙다리세모 꼭짓점) - 대표적 중심맥박 촉진부위 | L3: 심혈관조영술·스텐트삽입의 대표적 접근혈관, 관통상 시 대량출혈 위험(지혈대 적용 부위)
A4: ☐ | B4: 넙다리 동맥계 | C4: 깊넙다리동맥(대퇴심동맥) | D4: Deep (profunda) femoris artery | E4: 넙다리동맥 | F4: 넙다리동맥 뒤가쪽으로 갈라져 모음근들 사이로 아래로 주행 | G4: 안쪽·가쪽넙다리휘돌이동맥, 관통동맥(3~4개) | H4: 관통동맥들이 아래볼기동맥·오금동맥 가지와 이어져 뒤넙다리 중요 측부순환로 형성 | I4: 넙다리 근육 대부분(넙다리네갈래근, 모음근군, 뒤넙다리근육) | J4: 없음 | K4: 해당없음 | L4: 넙다리동맥 폐쇄 시 주요 측부순환 경로(관통동맥 사슬), 넙다리뼈목 골절 시 안쪽넙다리휘돌이동맥 손상→무혈성괴사 위험
A5: ☐ | B5: 무릎·종아리 동맥계 | C5: 오금동맥(슬와동맥) | D5: Popliteal artery | E5: 넙다리동맥 (모음근구멍을 지나며 이름 변경) | F5: 오금(무릎 뒤오목)을 지나 아래로 주행, 오금근 아래모서리에서 앞·뒤정강동맥으로 분지 | G5: 위·아래무릎가지동맥들(무릎동맥그물 형성) | H5: 오금근 아래모서리에서 앞정강동맥·뒤정강동맥으로 분지 | I5: 무릎관절(무릎동맥그물 통해), 장딴지근 | J5: 오금정맥, 정강신경 (신경-정맥-동맥 순, 신경이 가장 얕음) | K5: 오금(무릎 뒤오목) 깊은 곳, 무릎 살짝 구부린 상태 | L5: 무릎뒤탈구 시 손상 흔함(좁은 공간, 견인손상 위험 높음), 오금동맥병목증후군(popliteal entrapment)
A6: ☐ | B6: 종아리 동맥계 | C6: 앞정강동맥(전경골동맥) | D6: Anterior tibial artery | E6: 오금동맥 | F6: 뼈사이막 위쪽 구멍을 통해 다리 앞칸으로 나와 앞칸을 따라 내려가 발등동맥이 됨 | G6: 앞정강되돌이동맥, 가쪽·안쪽앞복사동맥 | H6: 폄근지지띠 아래에서 발등동맥으로 이름이 바뀜 | I6: 다리 앞칸 근육(앞정강근, 긴발가락폄근 등) | J6: 깊은종아리신경(동맥과 나란히 주행) | K6: 발등, 긴엄지폄근힘줄 가쪽 (발등동맥 촉진부위와 연속) | L6: 다리 앞칸구획증후군 시 원위부 맥박(발등동맥) 소실은 후기 소견 - 맥박 있어도 구획증후군 배제 불가
A7: ☐ | B7: 종아리 동맥계 | C7: 뒤정강동맥(후경골동맥) | D7: Posterior tibial artery | E7: 오금동맥 (끝가지 중 하나) | F7: 다리 뒤칸 깊은층(가자미근 아래)을 따라 내려가 안쪽복사 뒤를 지나 발바닥으로 진입 | G7: 종아리동맥(가장 큰 가지), 발목단(malleolar)가지 | H7: 발바닥에서 안쪽·가쪽발바닥동맥으로 끝분지 | I7: 다리 뒤칸·가쪽칸 근육, 발바닥 | J7: 정강신경(동맥과 나란히 안쪽복사 뒤 통과) | K7: 안쪽복사 뒤쪽 (발목맥박 확인 표준 부위) | L7: 말초동맥질환(PAD) 선별 시 발등동맥과 함께 필수 촉진부위 - 당뇨발 평가의 핵심 지표
A8: ☐ | B8: 종아리 동맥계 | C8: 종아리동맥(비골동맥) | D8: Fibular (peroneal) artery | E8: 뒤정강동맥 | F8: 종아리뼈 안쪽을 따라 다리 가쪽칸 방향으로 내려가 가쪽복사 근처에서 끝남 | G8: 관통가지, 가쪽복사동맥 | H8: 앞·뒤정강동맥 가지들과 발목 주위에서 문합(발목동맥그물) | I8: 다리 가쪽칸 근육(긴·짧은종아리근), 뒤칸 깊은근육 일부 | J8: 없음 (고유 동반신경 없음) | K8: 해당없음 (깊이 위치) | L8: 비골 이식술(fibula free flap) 시 혈관줄기로 이용(하악재건 등 재건수술 활용)
A9: ☐ | B9: 발 동맥계 | C9: 발등동맥(족배동맥) | D9: Dorsalis pedis artery | E9: 앞정강동맥 (이름 변경) | F9: 발등 정중앙, 긴엄지폄근힘줄과 긴발가락폄근힘줄 사이를 따라 주행 | G9: 활꼴동맥, 깊은발바닥가지 | H9: 깊은발바닥가지가 발바닥동맥활 형성에 참여(가쪽발바닥동맥과 문합) | I9: 발등, 발가락(활꼴동맥 통해) | J9: 깊은종아리신경 끝가지 | K9: 발등 중앙, 긴엄지폄근힘줄 가쪽 (표준 말초맥박 촉진부위) | L9: 말초혈관질환·당뇨발 평가 필수 촉진부위 - 선천적으로 약하거나 없는 경우도 흔함(약 10%)
A10: ☐ | B10: 발 동맥계 | C10: 안쪽·가쪽발바닥동맥 | D10: Medial & lateral plantar arteries | E10: 뒤정강동맥 (끝가지) | F10: 발바닥으로 들어가 각각 안쪽·가쪽으로 주행, 가쪽발바닥동맥이 발바닥동맥활을 형성 | G10: (가쪽) 발바닥동맥활에서 발바닥쪽손허리동맥들이 분지 | H10: 가쪽발바닥동맥이 발등동맥의 깊은발바닥가지와 만나 발바닥동맥활 완성 | I10: 발바닥 근육, 발가락(발바닥쪽) | J10: 안쪽·가쪽발바닥신경 | K10: 해당없음 (직접 촉진 어려움) | L10: 당뇨병성 발바닥 궤양의 혈류평가와 관련된 원위부 혈관
