Workbook

Sheet 00_대시보드
A1: 근골격계 근육 학습 진행률 대시보드
A2: 부위 | B2: 전체 근육 수 | C2: 체크 완료 | D2: 미완료 | E2: 진행률
A3: 머리 (Head) | B3: =COUNTA('01_머리'!A3:A16) -> 14 | C3: =COUNTIF('01_머리'!A3:A16,"☑") -> 1 | D3: =B3-C3 -> 13 | E3: =IFERROR(C3/B3,0) -> 0.071428571
A4: 목 (Neck) | B4: =COUNTA('02_목'!A3:A18) -> 16 | C4: =COUNTIF('02_목'!A3:A18,"☑") -> 0 | D4: =B4-C4 -> 16 | E4: =IFERROR(C4/B4,0) -> 0
A5: 등 (Back) | B5: =COUNTA('03_등'!A3:A16) -> 14 | C5: =COUNTIF('03_등'!A3:A16,"☑") -> 0 | D5: =B5-C5 -> 14 | E5: =IFERROR(C5/B5,0) -> 0
A6: 가슴 (Thorax) | B6: =COUNTA('04_가슴'!A3:A10) -> 8 | C6: =COUNTIF('04_가슴'!A3:A10,"☑") -> 0 | D6: =B6-C6 -> 8 | E6: =IFERROR(C6/B6,0) -> 0
A7: 배 (Abdomen) | B7: =COUNTA('05_배'!A3:A7) -> 5 | C7: =COUNTIF('05_배'!A3:A7,"☑") -> 0 | D7: =B7-C7 -> 5 | E7: =IFERROR(C7/B7,0) -> 0
A8: 어깨 (Shoulder) | B8: =COUNTA('06_어깨'!A3:A9) -> 7 | C8: =COUNTIF('06_어깨'!A3:A9,"☑") -> 0 | D8: =B8-C8 -> 7 | E8: =IFERROR(C8/B8,0) -> 0
A9: 위팔 (Arm) | B9: =COUNTA('07_위팔'!A3:A6) -> 4 | C9: =COUNTIF('07_위팔'!A3:A6,"☑") -> 0 | D9: =B9-C9 -> 4 | E9: =IFERROR(C9/B9,0) -> 0
A10: 아래팔 (Forearm) | B10: =COUNTA('08_아래팔'!A3:A21) -> 19 | C10: =COUNTIF('08_아래팔'!A3:A21,"☑") -> 0 | D10: =B10-C10 -> 19 | E10: =IFERROR(C10/B10,0) -> 0
A11: 손 (Hand) | B11: =COUNTA('09_손'!A3:A13) -> 11 | C11: =COUNTIF('09_손'!A3:A13,"☑") -> 0 | D11: =B11-C11 -> 11 | E11: =IFERROR(C11/B11,0) -> 0
A12: 골반·볼기 (Pelvis & Gluteal) | B12: =COUNTA('10_골반_볼기'!A3:A15) -> 13 | C12: =COUNTIF('10_골반_볼기'!A3:A15,"☑") -> 0 | D12: =B12-C12 -> 13 | E12: =IFERROR(C12/B12,0) -> 0
A13: 넙다리 (Thigh) | B13: =COUNTA('11_넙다리'!A3:A15) -> 13 | C13: =COUNTIF('11_넙다리'!A3:A15,"☑") -> 0 | D13: =B13-C13 -> 13 | E13: =IFERROR(C13/B13,0) -> 0
A14: 종아리 (Leg) | B14: =COUNTA('12_종아리'!A3:A15) -> 13 | C14: =COUNTIF('12_종아리'!A3:A15,"☑") -> 0 | D14: =B14-C14 -> 13 | E14: =IFERROR(C14/B14,0) -> 0
A15: 발 (Foot) | B15: =COUNTA('13_발'!A3:A14) -> 12 | C15: =COUNTIF('13_발'!A3:A14,"☑") -> 0 | D15: =B15-C15 -> 12 | E15: =IFERROR(C15/B15,0) -> 0
A16: 전체 합계 | B16: =SUM(B3:B15) -> 149 | C16: =SUM(C3:C15) -> 1 | D16: =SUM(D3:D15) -> 148 | E16: =IFERROR(C16/B16,0) -> 0.0067114094
A18: 사용법 1) 각 부위 시트에서 '체크' 열 셀을 클릭하면 ☐ / ☑ 목록이 나타납니다. 학습을 마친 근육은 ☑로 표시하세요. 2) 이 대시보드는 각 시트의 체크 현황을 자동 집계합니다(수식 기반, 새로고침 불필요). 3) 그림/이미지 매칭은 별도 프로젝트로 진행 예정이며, 이 파일은 내용(기시·정지·작용·지배신경·혈액공급·촉진·임상) 학습용입니다.

Sheet 01_머리
A1: 머리 (Head) — 근육 학습 체크리스트 (총 14개)
A2: 체크 | B2: 그룹 | C2: 근육명(한글) | D2: 근육명(영문) | E2: 이는곳(기시) | F2: 닿는곳(정지) | G2: 작용 | H2: 지배신경 | I2: 혈액공급 | J2: 촉진 포인트 | K2: 임상 포인트 | L2: 메모
A3: ☑ | B3: 표정근 | C3: 이마근(전두근) | D3: Frontalis (Occipitofrontalis, frontal belly) | E3: 모상건막(galea aponeurotica) | F3: 눈썹·이마 피부 | G3: 눈썹 올림, 이마 주름 | H3: 얼굴신경(CN VII) 관자가지 | I3: 눈확위동맥·도르래위동맥(눈동맥) | J3: 이마 중앙에서 눈썹 올릴 때 촉진 | K3: 얼굴신경마비(벨마비) 시 이마 주름이 안 잡힘 → 중추성 마비와 감별점
A4: ☐ | B4: 표정근 | C4: 뒤통수근 | D4: Occipitalis (Occipitofrontalis, occipital belly) | E4: 뒤통수뼈 위목덜미선 | F4: 모상건막 | G4: 두피를 뒤로 당김 | H4: 얼굴신경 뒤귓바퀴신경 | I4: 뒤통수동맥 | J4: 뒤통수뼈 위쪽에서 촉진 | K4: 모상건막과 함께 두피 열상 시 출혈이 심함(혈관 풍부)
A5: ☐ | B5: 표정근 | C5: 눈둘레근 | D5: Orbicularis oculi | E5: 눈확 안쪽 및 눈꺼풀판 | F5: 눈꺼풀 피부(고리모양) | G5: 눈 감기(수의적/반사적) | H5: 얼굴신경 관자·광대가지 | I5: 눈동맥·얼굴동맥 분지 | J5: 눈을 꼭 감을 때 눈 주위 촉진 | K5: 얼굴신경마비 시 눈 감기 불가(토안) → 각막 보호 필요
A6: ☐ | B6: 표정근 | C6: 입둘레근 | D6: Orbicularis oris | E6: 입 주위 여러 근육 섬유의 교차 | F6: 입술 점막·피부 | G6: 입술 다물기·오므리기(휘파람) | H6: 얼굴신경 볼가지·턱모서리가지 | I6: 위·아래입술동맥(얼굴동맥) | J6: 입술을 오므릴 때 입 주위 촉진 | K6: 발음(순음)·수유(빨기) 기능과 직결
A7: ☐ | B7: 표정근 | C7: 볼근 | D7: Buccinator | E7: 위·아래턱뼈 어금니부위, 날개턱뼈봉선 | F7: 입꼬리(입둘레근과 융합) | G7: 볼을 치아쪽으로 압박(씹기 보조), 취주악기 연주 | H7: 얼굴신경 볼가지 | I7: 얼굴동맥·위턱동맥 | J7: 볼을 부풀릴 때 안쪽에서 저항 촉진 | K7: 이하선관(스텐센관)이 이 근육을 뚫고 구강 내로 개통
A8: ☐ | B8: 표정근 | C8: 큰광대근 | D8: Zygomaticus major | E8: 광대뼈 | F8: 입꼬리 | G8: 입꼬리를 위가쪽으로(미소) | H8: 얼굴신경 광대가지 | I8: 얼굴동맥 | J8: 웃을 때 광대뼈~입꼬리 사선 촉진 | K8: 심미적 안면성형(미소선) 기준근
A9: ☐ | B9: 표정근 | C9: 작은광대근 | D9: Zygomaticus minor | E9: 광대뼈 | F9: 윗입술 | G9: 윗입술 올림 | H9: 얼굴신경 광대가지 | I9: 얼굴동맥 | J9: 큰광대근 안쪽에서 촉진 | K9: 큰광대근과 협동, 구분 촉진은 어려움
A10: ☐ | B10: 표정근 | C10: 입꼬리내림근 | D10: Depressor anguli oris | E10: 아래턱뼈 아래모서리 | F10: 입꼬리 | G10: 입꼬리 아래로 내림(찡그림) | H10: 얼굴신경 턱모서리가지 | I10: 아래입술동맥 | J10: 입꼬리 아래쪽에서 촉진 | K10: 얼굴신경 턱모서리가지 손상 시 입꼬리 처짐(비대칭 미소)
A11: ☐ | B11: 표정근 | C11: 턱끝근 | D11: Mentalis | E11: 아래턱뼈 앞니오목 | F11: 턱 피부 | G11: 턱 피부를 올려 입술을 내밈(뾰로통한 표정) | H11: 얼굴신경 턱모서리가지 | I11: 아래입술동맥 | J11: 턱 중앙 피부에서 촉진 | K11: 치아교정 후 입술폐쇄 훈련 시 관여
A12: ☐ | B12: 표정근 | C12: 넓은목근 | D12: Platysma | E12: 빗장뼈·어깨 부위 피부밑조직 | F12: 아래턱뼈 아래모서리·입 주위 피부밑 | G12: 목 피부를 당기고 입꼬리를 아래로 | H12: 얼굴신경 목가지 | I12: 얼굴동맥 목가지 | J12: 이를 악물고 목을 당길 때 목 앞쪽 표층 촉진 | K12: 목 피부절개 시 근육층 확인 필요(얕은 층)
A13: ☐ | B13: 씹기근 | C13: 관자근 | D13: Temporalis | E13: 관자오목(측두와) | F13: 아래턱뼈 근육돌기(코로노이드돌기) | G13: 입 다물기(턱 올림), 뒷섬유는 아래턱 후퇴 | H13: 아래턱신경(CN V3)의 깊은관자신경 | I13: 깊은관자동맥(위턱동맥) | J13: 관자놀이에서 이 악물 때 촉진 | K13: 긴장성두통·측두하악관절장애(TMD)와 연관, 근막통증 유발점 호발부위
A14: ☐ | B14: 씹기근 | C14: 깨물근 | D14: Masseter | E14: 광대활 | F14: 아래턱뼈각·가지 가쪽면 | G14: 입 다물기(강력한 턱닫기) | H14: 깨물근신경(아래턱신경) | I14: 깨물근동맥(위턱동맥) | J14: 이 악물 때 아래턱각 앞쪽에서 가장 잘 촉진 | K14: 이갈이·과사용 시 비대(사각턱), 보툴리눔독소 주사 표적근
... A16: ☐ | B16: 씹기근 | C16: 안쪽날개근 | D16: Medial pterygoid | E16: 가쪽날개판 안쪽면 | F16: 아래턱뼈각 안쪽면 | G16: 입 다물기, 아래턱 내밀기 | H16: 안쪽날개근신경(아래턱신경) | I16: 위턱동맥 | J16: 아래턱각 안쪽(구강 내)에서 촉진 | K16: 깨물근과 함께 아래턱뼈각을 감싸는 '근육걸이(sling)' 형성

Sheet 02_목
A1: 목 (Neck) — 근육 학습 체크리스트 (총 16개)
A2: 체크 | B2: 그룹 | C2: 근육명(한글) | D2: 근육명(영문) | E2: 이는곳(기시) | F2: 닿는곳(정지) | G2: 작용 | H2: 지배신경 | I2: 혈액공급 | J2: 촉진 포인트 | K2: 임상 포인트 | L2: 메모
A3: ☐ | B3: 얕은목근 | C3: 목빗근 | D3: Sternocleidomastoid | E3: 복장뼈자루(복장갈래)·빗장뼈안쪽(빗장갈래) | F3: 관자뼈 꼭지돌기·위목덜미선가쪽 | G3: 한쪽 수축: 반대쪽으로 얼굴 돌림+같은쪽 가쪽굽힘/ 양쪽 수축: 목 굽힘·머리 내밈 | H3: 더부신경(CN XI, 운동)+C2-C3(고유감각) | I3: 뒤통수동맥·위갑상샘동맥 목빗근가지 | J3: 고개를 반대쪽으로 돌릴 때 귀뒤~빗장뼈 사선으로 뚜렷이 촉진 | K3: 근성사경(선천성 기운목)의 원인근, 더부신경 손상 시 근위축·어깨처짐
A4: ☐ | B4: 목갈비근 | C4: 앞목갈비근 | D4: Scalenus anterior | E4: C3-C6 가로돌기 앞결절 | F4: 1번갈비뼈 목갈비근결절 | G4: 목 가쪽굽힘, 흡기 시 1번갈비뼈 올림 | H4: C4-C6 | I4: 아래갑상샘동맥 | J4: 목빗근 뒤가쪽 깊은 곳(직접 촉진 어려움) | K4: 목갈비근증후군(흉곽출구증후군)의 주요 압박 구조물, 앞·중간목갈비근 사이로 팔신경얼기·빗장밑동맥 통과
A5: ☐ | B5: 목갈비근 | C5: 중간목갈비근 | D5: Scalenus medius | E5: C2-C7 가로돌기 | F5: 1번갈비뼈(빗장밑동맥고랑 뒤쪽) | G5: 목 가쪽굽힘, 1번갈비뼈 올림 | H5: C3-C8 | I5: 목갈비동맥 | J5: 목빗근 뒤쪽 깊은 곳 | K5: 목갈비근 중 가장 큼, 긴가슴신경이 이 근육을 뚫고 지나감
A6: ☐ | B6: 목갈비근 | C6: 뒤목갈비근 | D6: Scalenus posterior | E6: C4-C6 가로돌기 | F6: 2번갈비뼈 | G6: 2번갈비뼈 올림, 목 가쪽굽힘 | H6: C6-C8 | I6: 목갈비동맥 | J6: 중간목갈비근 뒤쪽 깊은 곳 | K6: 세 목갈비근 중 가장 작고 촉진이 가장 어려움
A7: ☐ | B7: 목뿔위근 | C7: 턱목뿔근 | D7: Mylohyoid | E7: 아래턱뼈 턱목뿔근선 | F7: 목뿔뼈체·정중솔기 | G7: 입바닥(구강저) 올림, 목뿔뼈 올림(삼킴 시) | H7: 아래턱신경의 턱목뿔근신경 | I7: 턱밑동맥 | J7: 턱 아래 정중선에서 삼킬 때 촉진 | K7: 구강저를 이루는 '가로막' 역할, 삼킴장애 평가 시 중요
A8: ☐ | B8: 목뿔위근 | C8: 턱끝목뿔근 | D8: Geniohyoid | E8: 아래턱뼈 턱끝가시 | F8: 목뿔뼈체 | G8: 목뿔뼈를 앞위쪽으로 당김 | H8: C1(혀밑신경을 통해 주행) | I8: 혀동맥 | J8: 턱목뿔근 심층(체표 촉진 어려움) | K8: 삼킴·기도 확보(수면무호흡 관련 근긴장 저하 시 문제)
A9: ☐ | B9: 목뿔위근 | C9: 두힘살근 | D9: Digastric | E9: 앞배-아래턱뼈 두힘살근오목 / 뒤배-꼭지패임 | F9: 중간널힘줄(목뿔뼈에 고리형 고정) | G9: 입 벌림, 목뿔뼈 올림(삼킴) | H9: 앞배-턱목뿔근신경(CNV3) / 뒤배-얼굴신경(CNVII) | I9: 턱밑동맥·뒤귓바퀴동맥 | J9: 턱 아래(앞배)와 귀 뒤 아래(뒤배) 두 지점에서 촉진 | K9: 악하삼각의 경계를 이루는 랜드마크근
A10: ☐ | B10: 목뿔위근 | C10: 붓목뿔근 | D10: Stylohyoid | E10: 붓돌기 | F10: 목뿔뼈체 | G10: 목뿔뼈를 올리고 뒤로 당김 | H10: 얼굴신경 | I10: 얼굴동맥 | J10: 두힘살근 뒤배와 나란히 촉진 | K10: 두힘살근 뒤배와 함께 주행, 얼굴신경경부가지 손상 시 영향
A11: ☐ | B11: 목뿔아래근 | C11: 어깨목뿔근 | D11: Omohyoid | E11: 어깨뼈 위모서리(어깨뼈패임 부근) | F11: 목뿔뼈체 | G11: 목뿔뼈 내림·고정 | H11: 목신경고리(ansa cervicalis, C1-C3) | I11: 아래갑상샘동맥 | J11: 목빗근 아래쪽 가로지르는 얕은 힘줄로 촉진 가능 | K11: 중간널힘줄이 목빗근집에 고정되어 목 표면에 얕은 고랑을 만듦
A12: ☐ | B12: 목뿔아래근 | C12: 복장목뿔근 | D12: Sternohyoid | E12: 복장뼈자루·빗장뼈 안쪽끝 | F12: 목뿔뼈체 | G12: 목뿔뼈 내림 | H12: 목신경고리(C1-C3) | I12: 위갑상샘동맥 | J12: 목 정중선 앞쪽에서 삼킬 때 촉진 | K12: 갑상샘 수술 시 정중선 접근 지표
A13: ☐ | B13: 목뿔아래근 | C13: 복장갑상근 | D13: Sternothyroid | E13: 복장뼈자루(안쪽면) | F13: 갑상연골 빗선 | G13: 후두(갑상연골) 내림 | H13: 목신경고리(C2-C3) | I13: 위갑상샘동맥 | J13: 복장목뿔근 심층(직접 촉진 어려움) | K13: 갑상샘을 덮고 있어 갑상샘절제술 시 반드시 확인
A14: ☐ | B14: 목뿔아래근 | C14: 갑상목뿔근 | D14: Thyrohyoid | E14: 갑상연골 빗선 | F14: 목뿔뼈체 아래모서리 | G14: 목뿔뼈 내림 또는 후두 올림 | H14: C1(혀밑신경을 통해 주행) | I14: 위갑상샘동맥 | J14: 갑상연골~목뿔뼈 사이에서 촉진 | K14: 복장갑상근의 연속선상에 위치, 삼킴 시 후두 거상에 관여
... A18: ☐ | B18: 등쪽목근 | C18: 목널판근 | D18: Splenius cervicis | E18: T3-T6 가시돌기 | F18: C1-C3 가로돌기 | G18: 목 폄, 같은쪽 회전 | H18: 목신경 뒤가지 | I18: 뒤목갈비동맥·뒤통수동맥 | J18: 머리널판근 심층(직접 촉진 어려움) | K18: 머리널판근과 협동, 상부 교차증후군에서 단축되기 쉬움

Sheet 03_등
A1: 등 (Back) — 근육 학습 체크리스트 (총 14개)
A2: 체크 | B2: 그룹 | C2: 근육명(한글) | D2: 근육명(영문) | E2: 이는곳(기시) | F2: 닿는곳(정지) | G2: 작용 | H2: 지배신경 | I2: 혈액공급 | J2: 촉진 포인트 | K2: 임상 포인트 | L2: 메모
A3: ☐ | B3: 표층(사지연결근) | C3: 등세모근 | D3: Trapezius | E3: 위목덜미선·바깥뒤통수뼈융기·목덜미인대·C7-T12 가시돌기 | F3: 빗장뼈가쪽1/3·어깨뼈봉우리·어깨뼈가시 | G3: 위섬유-어깨뼈 거상, 중간섬유-모음, 아래섬유-하강, 전체-위쪽돌림 | H3: 더부신경(CN XI, 운동)+C3-C4(고유감각) | I3: 가로목동맥·등쪽어깨동맥 | J3: 어깨를 으쓱할 때 목~어깨 전체 윤곽 촉진 | K3: 더부신경 손상 시 날개어깨뼈(외측), 상부승모근은 긴장성두통 대표 유발점
A4: ☐ | B4: 표층(사지연결근) | C4: 넓은등근 | D4: Latissimus dorsi | E4: T7-L5 가시돌기·등허리널힘줄·엉치뼈·엉덩뼈능선·아래갈비뼈 | F4: 위팔뼈 결절사이고랑(바닥) | G4: 위팔 모음·폄·안쪽돌림(당기기, 턱걸이 동작) | H4: 가슴등신경(흉배신경, C6-C8) | I4: 가슴등동맥 | J4: 겨드랑이 뒤벽에서 팔을 뒤로 당길 때 촉진 | K4: 겨드랑 뒤벽(posterior wall)을 형성, 유리피판(등근피판) 재건수술에 흔히 이용
A5: ☐ | B5: 표층(사지연결근) | C5: 어깨올림근 | D5: Levator scapulae | E5: C1-C4 가로돌기 | F5: 어깨뼈 위각 | G5: 어깨뼈 거상, 아래쪽돌림 | H5: 어깨등신경(견갑배신경, C4-C5)+C3-C4 | I5: 어깨등동맥 | J5: 목~어깨뼈위각 사이 등세모근 깊은층에서 촉진 | K5: '뻣뻣한 목' 통증의 흔한 원인, 상부교차증후군에서 단축
A6: ☐ | B6: 표층(사지연결근) | C6: 큰마름근 | D6: Rhomboid major | E6: T2-T5 가시돌기 | F6: 어깨뼈 안쪽모서리(가시 아래쪽) | G6: 어깨뼈 모음·거상·아래쪽돌림 | H6: 어깨등신경(C4-C5) | I6: 어깨등동맥 | J6: 등세모근 심층, 어깨뼈 안쪽모서리 따라 촉진 | K6: 날개어깨뼈(내측형)의 감별 근육 중 하나
A7: ☐ | B7: 표층(사지연결근) | C7: 작은마름근 | D7: Rhomboid minor | E7: C7-T1 가시돌기 | F7: 어깨뼈 안쪽모서리(가시 높이) | G7: 어깨뼈 모음·거상 | H7: 어깨등신경(C4-C5) | I7: 어깨등동맥 | J7: 큰마름근 위쪽 경계에서 촉진 | K7: 큰마름근과 기능적으로 하나처럼 작용
A8: ☐ | B8: 중간층(호흡보조) | C8: 위뒤톱니근 | D8: Serratus posterior superior | E8: C7-T3 가시돌기 | F8: 2-5번 갈비뼈 | G8: 갈비뼈 올림(흡기 보조) | H8: 갈비사이신경(T2-T5) | I8: 갈비사이동맥 | J8: 큰마름근 심층(직접 촉진 어려움) | K8: 호흡보조근으로서의 역할은 제한적, 해부학적 랜드마크로 학습
A9: ☐ | B9: 중간층(호흡보조) | C9: 아래뒤톱니근 | D9: Serratus posterior inferior | E9: T11-L2 가시돌기 | F9: 9-12번 갈비뼈 | G9: 갈비뼈 내림(호기 보조) | H9: 갈비사이신경(T9-T12) | I9: 갈비사이동맥 | J9: 넓은등근 심층(직접 촉진 어려움) | K9: 넓은등근에 덮여 있어 체표 촉진 불가
A10: ☐ | B10: 심층(척추세움근) | C10: 엉덩갈비근 | D10: Iliocostalis | E10: 엉치뼈·엉덩뼈능선·공통기시건(가쪽갈래) | F10: 갈비뼈각들, 목뼈 가로돌기 | G10: 척주 폄(양측), 가쪽굽힘(편측) | H10: 척수신경 뒤가지 | I10: 허리동맥·갈비사이동맥 | J10: 척추 양옆 가장 가쪽 세로 융기로 촉진 | K10: 척추세움근(가쪽부터 엉덩갈비근-가장긴근-가시근) 중 가장 가쪽
A11: ☐ | B11: 심층(척추세움근) | C11: 가장긴근 | D11: Longissimus | E11: 공통기시건 | F11: 가로돌기들, 갈비뼈, 관자뼈 꼭지돌기(머리가장긴근) | G11: 척주 폄, 가쪽굽힘 | H11: 척수신경 뒤가지 | I11: 허리동맥·갈비사이동맥 | J11: 척추세움근 중간 융기로 촉진(허리 부위에서 가장 두드러짐) | K11: 척추세움근 중 가장 크고 길어 요통 평가 시 촉진 중심근
A12: ☐ | B12: 심층(척추세움근) | C12: 가시근 | D12: Spinalis | E12: 공통기시건, 위쪽 가시돌기들 | F12: 가시돌기들 | G12: 척주 폄 | H12: 척수신경 뒤가지 | I12: 척추동맥·갈비사이동맥 분지 | J12: 가시돌기 바로 옆(가장 안쪽)에서 촉진 | K12: 세 척추세움근 중 가장 작고 안쪽, 흉추부에서 가장 발달
A13: ☐ | B13: 심층(가로돌기가시근) | C13: 반가시근 | D13: Semispinalis | E13: 가로돌기(흉추~경추) | F13: 4-6마디 위 가시돌기, 뒤통수뼈(머리반가시근) | G13: 척주 폄, 반대쪽 회전 | H13: 척수신경 뒤가지 | I13: 깊은목동맥 | J13: 목~등 정중선 바로 옆 깊은층에서 촉진 | K13: 머리반가시근은 두통 유발점 호발부위(경추성 두통과 관련)
A14: ☐ | B14: 심층(가로돌기가시근) | C14: 뭇갈래근 | D14: Multifidus | E14: 엉치뼈·뒤위엉덩뼈가시·유두돌기·가로돌기 | F14: 2-4마디 위 가시돌기 | G14: 척주 폄·분절간 안정화, 반대쪽 회전 | H14: 척수신경 뒤가지 | I14: 분절동맥 | J14: 가시돌기 바로 옆(요추부에서 가장 두꺼움)으로 촉진 | K14: 요추 안정화(코어) 운동의 핵심 표적근, 만성요통 시 위축·억제 흔함
... A16: ☐ | B16: 후두하근군 | C16: 뒤통수밑근(4개: 큰·작은뒤머리곧은근, 위·아래머리빗근) | D16: Suboccipital muscles | E16: 고리뼈(환추)·중쇠뼈(축추)·뒤통수뼈 사이 | F16: 뒤통수뼈 아래목덜미선, 고리뼈·중쇠뼈 가로돌기 | G16: 머리 폄·회전의 정밀 조절(고유수용감각 풍부) | H16: 뒤통수밑신경(C1 뒤가지) | I16: 뒤통수동맥·척추동맥 | J16: 뒤통수뼈 바로 아래 정중선 양옆 깊은곳에서 촉진 | K16: 척추동맥이 큰뒤머리곧은근·위머리빗근 사이를 지나 두개골로 진입, 경추성 두통·어지럼과 밀접

Sheet 04_가슴
A1: 가슴 (Thorax) — 근육 학습 체크리스트 (총 8개)
A2: 체크 | B2: 그룹 | C2: 근육명(한글) | D2: 근육명(영문) | E2: 이는곳(기시) | F2: 닿는곳(정지) | G2: 작용 | H2: 지배신경 | I2: 혈액공급 | J2: 촉진 포인트 | K2: 임상 포인트 | L2: 메모
A3: ☐ | B3: 얕은가슴근 | C3: 큰가슴근 | D3: Pectoralis major | E3: 빗장갈래-빗장뼈안쪽1/2 / 복장갈비갈래-복장뼈·2-6갈비연골 / 배갈래-배바깥빗근널힘줄 | F3: 위팔뼈 큰결절능선 | G3: 위팔 모음·안쪽돌림·굽힘(빗장갈래) | H3: 가쪽·안쪽가슴근신경(C5-T1) | I3: 가슴봉우리동맥·가쪽가슴동맥 | J3: 겨드랑 앞주름을 이루며 팔을 앞으로 밀 때 촉진 | K3: 유방암 근치술 시 절제 기준근, 팔굽혀펴기·벤치프레스 주동근
A4: ☐ | B4: 얕은가슴근 | C4: 작은가슴근 | D4: Pectoralis minor | E4: 3-5번 갈비뼈 | F4: 어깨뼈 부리돌기 | G4: 어깨뼈 내림·아래쪽돌림·앞당김, 흡기 보조 | H4: 안쪽가슴근신경(C8-T1) | I4: 가슴봉우리동맥 | J4: 큰가슴근 심층, 부리돌기 아래에서 촉진 | K4: 겨드랑동맥·팔신경얼기를 감싸며 지나감 → 가슴우리출구증후군(과다긴장 시) 관련
A5: ☐ | B5: 얕은가슴근 | C5: 앞톱니근 | D5: Serratus anterior | E5: 1-8/9번 갈비뼈 가쪽면 | F5: 어깨뼈 안쪽모서리(앞면) | G5: 어깨뼈 앞당김·위쪽돌림, 날개어깨뼈 방지 | H5: 긴가슴신경(장흉신경, C5-C7) | I5: 가쪽가슴동맥 | J5: 겨드랑이 아래 옆가슴에서 팔을 밀 때 톱니모양 촉진 | K5: 긴가슴신경 손상 시 날개어깨뼈(외측형)의 대표 원인
A6: ☐ | B6: 얕은가슴근 | C6: 빗장밑근 | D6: Subclavius | E6: 1번갈비뼈-갈비연골 접합부 | F6: 빗장뼈 아래면 | G6: 빗장뼈를 아래로 고정, 복장빗장관절 안정화 | H6: 빗장밑근신경(C5-C6) | I6: 어깨뼈위동맥 | J6: 빗장뼈 아래(체표 촉진 어려움) | K6: 빗장뼈 골절 시 아래의 빗장밑동·정맥 보호막 역할
A7: ☐ | B7: 고유가슴근 | C7: 바깥갈비사이근 | D7: External intercostal | E7: 위갈비뼈 아래모서리 | F7: 아래갈비뼈 위모서리(섬유는 앞아래 방향) | G7: 갈비뼈를 올림(흡기) | H7: 갈비사이신경 | I7: 갈비사이동맥 | J7: 갈비뼈 사이 앞·가쪽에서 촉진 가능 | K7: 흉막천자 시 갈비뼈 위모서리(신경혈관다발 아래) 자입이 원칙인 이유와 관련
A8: ☐ | B8: 고유가슴근 | C8: 속갈비사이근 | D8: Internal intercostal | E8: 아래갈비뼈 위모서리(안쪽면) | F8: 위갈비뼈 아래모서리(섬유는 앞위 방향, 바깥과 직교) | G8: 갈비뼈를 내림(강한 호기) | H8: 갈비사이신경 | I8: 갈비사이동맥 | J8: 바깥갈비사이근 심층 | K8: 갈비사이신경·동맥·정맥이 이 근육과 최내갈비사이근 사이 고랑으로 주행
A9: ☐ | B9: 고유가슴근 | C9: 최내갈비사이근 | D9: Innermost intercostal | E9: 속갈비사이근과 유사(가장 깊은층) | F9: 인접 갈비뼈(속갈비사이근과 섬유방향 동일) | G9: 속갈비사이근 보조(갈비뼈 내림) | H9: 갈비사이신경 | I9: 갈비사이동맥 | J9: 가장 깊은층, 촉진 불가 | K9: 신경혈관다발(VAN: 정맥-동맥-신경)이 바로 표층을 주행 → 흉관삽입 시 손상 주의
A10: ☐ | B10: 호흡의 주근 | C10: 가로막(횡격막) | D10: Diaphragm | E10: 칼돌기·아래갈비뼈6쌍 안쪽면·허리뼈(내·외측활꼴인대) | F10: 중심널힘줄 | G10: 주 흡기근(수축 시 편평해지며 흉강 확장) | H10: 가로막신경(횡격신경, C3-C5) | I10: 위·아래가로막동맥, 심장막가로막동맥 | J10: 직접 체표 촉진 불가(복부팽창으로 간접 확인) | K10: "C3,4,5 keeps the diaphragm alive" — 대동맥(T12)·식도(T10)·아래대정맥(T8) 세 구멍 통과 높이 암기 필수

Sheet 05_배
A1: 배 (Abdomen) — 근육 학습 체크리스트 (총 5개)
A2: 체크 | B2: 그룹 | C2: 근육명(한글) | D2: 근육명(영문) | E2: 이는곳(기시) | F2: 닿는곳(정지) | G2: 작용 | H2: 지배신경 | I2: 혈액공급 | J2: 촉진 포인트 | K2: 임상 포인트 | L2: 메모
A3: ☐ | B3: 앞배근 | C3: 배곧은근 | D3: Rectus abdominis | E3: 두덩결합·두덩뼈능선 | F3: 5-7번 갈비연골, 칼돌기 | G3: 몸통 굽힘, 배안압력 증가(배변·분만·기침) | H3: 갈비사이신경(T7-T11)+갈비밑신경(T12) | I3: 위·아래배벽동맥 | J3: 윗몸일으키기 시 정중선 양옆 세로 융기로 촉진, 힘줄교차(건획) 촉지 가능 | K3: 복직근초 내 3-4개 힘줄교차로 '王'자(식스팩) 형성, 반달선·백색선이 탈장 호발부위와 관련
A4: ☐ | B4: 가쪽배근(층) | C4: 배바깥빗근 | D4: External oblique | E4: 5-12번 갈비뼈 바깥면 | F4: 엉덩뼈능선, 백색선(널힘줄) | G4: 몸통 굽힘, 반대쪽 회전, 같은쪽 가쪽굽힘 | H4: 갈비사이신경(T7-T11)+갈비밑신경(T12) | I4: 아래갈비사이동맥 | J4: 옆구리에서 대각선(주머니에 손 넣는 방향) 섬유주행 촉진 | K4: 샅고랑인대(inguinal ligament)를 형성, 샅굴탈장 평가 시 기준
A5: ☐ | B5: 가쪽배근(층) | C5: 배속빗근 | D5: Internal oblique | E5: 샅고랑인대·엉덩뼈능선·등허리널힘줄 | F5: 10-12번 갈비연골, 백색선 | G5: 몸통 굽힘, 같은쪽 회전, 가쪽굽힘 | H5: T7-T11, 갈비밑신경, 엉덩아랫배신경·엉덩샅굴신경(L1) | I5: 아래갈비사이동맥·깊은엉덩휘돌이동맥 | J5: 배바깥빗근 심층(섬유방향은 직교) | K5: 정삭을 감싸는 고환올림근이 이 근육에서 이어져 나옴
A6: ☐ | B6: 가쪽배근(층) | C6: 배가로근 | D6: Transversus abdominis | E6: 샅고랑인대·엉덩뼈능선·등허리널힘줄·7-12갈비연골안쪽 | F6: 백색선, 두덩뼈(모음근널힘줄) | G6: 배안 압박(코르셋 기능, 척추 분절안정화 관여) | H6: T7-T11, 갈비밑신경, 엉덩아랫배·엉덩샅굴신경 | I6: 아래갈비사이동맥·허리동맥 | J6: 가장 심층이라 직접 촉진은 어려움(배 힘줄판을 통해 간접 확인) | K6: 코어안정화 운동(드로우인)의 핵심 표적근, 섬유가 가로로 주행하는 유일한 배근
A7: ☐ | B7: 뒤배근 | C7: 허리네모근 | D7: Quadratus lumborum | E7: 엉덩뼈능선·엉덩허리인대 | F7: 12번갈비뼈, L1-L4 갈비돌기 | G7: 몸통 가쪽굽힘, 12번갈비뼈 고정(호흡보조) | H7: T12, L1-L3(허리신경얼기) | I7: 허리동맥 | J7: 갈비뼈와 엉덩뼈능선 사이 옆구리 깊은곳에서 촉진 | K7: 요통·허리디스크와 흔히 연관되는 근막통증 유발점 근육, 신장 뒤쪽에 위치

Sheet 06_어깨
A1: 어깨 (Shoulder) — 근육 학습 체크리스트 (총 7개)
A2: 체크 | B2: 그룹 | C2: 근육명(한글) | D2: 근육명(영문) | E2: 이는곳(기시) | F2: 닿는곳(정지) | G2: 작용 | H2: 지배신경 | I2: 혈액공급 | J2: 촉진 포인트 | K2: 임상 포인트 | L2: 메모
A3: ☐ | B3: 어깨관절 주변 | C3: 어깨세모근 | D3: Deltoid | E3: 빗장뼈가쪽1/3·어깨뼈봉우리·어깨뼈가시 | F3: 위팔뼈 세모근거친면 | G3: 앞섬유-굽힘·안쪽돌림 / 중간섬유-벌림 / 뒷섬유-폄·가쪽돌림 | H3: 겨드랑신경(C5-C6) | I3: 뒤위팔휘돌이동맥 | J3: 어깨 전체를 감싸는 둥근 윤곽으로 쉽게 촉진 | K3: 근육주사(삼각근주사) 표준 부위, 겨드랑신경 손상(어깨탈구 합병증) 시 '계급장 마비'
A4: ☐ | B4: 돌림근띠(회전근개) | C4: 가시위근 | D4: Supraspinatus | E4: 어깨뼈 가시위오목 | F4: 위팔뼈 큰결절(위쪽면) | G4: 벌림 시작(0-15도), 어깨관절 능동적 안정화 | H4: 어깨위신경(견갑상신경, C5-C6) | I4: 어깨위동맥 | J4: 등세모근 심층, 어깨뼈가시 위쪽에서 촉진(팔을 뒤로 젖히면 접근 용이) | K4: 돌림근띠 파열의 최호발 부위(견봉하 충돌증후군), 빈 캔 검사(empty can test)
A5: ☐ | B5: 돌림근띠(회전근개) | C5: 가시아래근 | D5: Infraspinatus | E5: 어깨뼈 가시아래오목 | F5: 위팔뼈 큰결절(중간면) | G5: 위팔 가쪽돌림, 어깨관절 안정화 | H5: 어깨위신경(C5-C6) | I5: 어깨위동맥·휘돌이어깨동맥 | J5: 어깨뼈가시 아래 넓은 부위에서 촉진 | K5: 가쪽돌림 근력검사(저항 시 통증)로 돌림근띠 파열 선별
A6: ☐ | B6: 돌림근띠(회전근개) | C6: 작은원근 | D6: Teres minor | E6: 어깨뼈 가쪽모서리(위쪽2/3) | F6: 위팔뼈 큰결절(아래면) | G6: 위팔 가쪽돌림, 어깨관절 안정화 | H6: 겨드랑신경(C5-C6) | I6: 뒤위팔휘돌이동맥 | J6: 가시아래근 아래쪽, 큰원근 위쪽에서 촉진 | K6: 가시아래근과 협동, 사각공간(quadrangular space)의 위쪽 경계 형성
A7: ☐ | B7: 돌림근띠(회전근개) | C7: 어깨밑근 | D7: Subscapularis | E7: 어깨뼈밑오목(앞면) | F7: 위팔뼈 작은결절 | G7: 위팔 안쪽돌림, 어깨관절 안쪽 안정화 | H7: 위·아래어깨밑신경(C5-C6) | I7: 어깨밑동맥 | J7: 겨드랑이를 통해 어깨뼈 앞면에서 간접 촉진 | K7: 돌림근띠 중 유일하게 앞면에 위치, 들어올림검사(lift-off test)로 평가
A8: ☐ | B8: 사지연결근 | C8: 큰원근 | D8: Teres major | E8: 어깨뼈 아래각(가쪽모서리 아래1/3) | F8: 위팔뼈 작은결절능선 | G8: 위팔 안쪽돌림·모음·폄 | H8: 아래어깨밑신경(C5-C6) | I8: 어깨밑동맥 | J8: 겨드랑 뒤벽 아래쪽, 넓은등근 위에서 촉진 | K8: "작은 넓은등근"이라 불릴 만큼 기능이 유사, 돌림근띠에는 포함되지 않음(비-회전근개)
A9: ☐ | B9: 위팔연결근 | C9: 부리위팔근 | D9: Coracobrachialis | E9: 어깨뼈 부리돌기 | F9: 위팔뼈 안쪽면 중간 | G9: 위팔 굽힘·모음(어깨) | H9: 근육피부신경(C5-C7) | I9: 위팔동맥 | J9: 위팔두갈래근 짧은갈래 안쪽 깊은곳에서 촉진 | K9: 근육피부신경이 이 근육을 관통하는 대표적 해부학 랜드마크

Sheet 07_위팔
A1: 위팔 (Arm) — 근육 학습 체크리스트 (총 4개)
A2: 체크 | B2: 그룹 | C2: 근육명(한글) | D2: 근육명(영문) | E2: 이는곳(기시) | F2: 닿는곳(정지) | G2: 작용 | H2: 지배신경 | I2: 혈액공급 | J2: 촉진 포인트 | K2: 임상 포인트 | L2: 메모
A3: ☐ | B3: 앞칸(굽힘근) | C3: 위팔두갈래근 | D3: Biceps brachii | E3: 긴갈래-어깨뼈 관절위결절 / 짧은갈래-어깨뼈 부리돌기 | F3: 노뼈거친면, 위팔두갈래근널힘줄(아래팔근막) | G3: 팔꿈치 굽힘, 아래팔 뒤침(가장 강력), 어깨 약한 굽힘 | H3: 근육피부신경(C5-C6) | I3: 위팔동맥 | J3: 팔꿈치 앞쪽, 병뚜껑 딸 때처럼 뒤침하며 굽히면 뚜렷이 촉진 | K3: '병따개근'이라는 별명(뒤침+굽힘), 긴갈래힘줄염(결절사이고랑 압통)
A4: ☐ | B4: 앞칸(굽힘근) | C4: 위팔근 | D4: Brachialis | E4: 위팔뼈 앞면 하부 | F4: 자뼈거친면(갈고리돌기) | G4: 팔꿈치 굽힘(팔꿈치의 '순수' 주작용근, 회내외 위치 무관) | H4: 근육피부신경(C5-C6)+노신경 일부(C7) | I4: 위팔동맥·노쪽되돌이동맥 | J4: 위팔두갈래근 안쪽·가쪽 깊은곳에서 촉진 | K4: 이중신경지배(근육피부+노신경)로 임상적으로 자주 언급
A5: ☐ | B5: 뒤칸(폄근) | C5: 위팔세갈래근 | D5: Triceps brachii | E5: 긴갈래-어깨뼈 관절아래결절 / 가쪽갈래-노신경고랑 위쪽 / 안쪽갈래-노신경고랑 아래쪽 | F5: 자뼈 팔꿈치머리 | G5: 팔꿈치 폄(주작용근), 긴갈래는 어깨 폄·모음 보조 | H5: 노신경(C6-C8) | I5: 깊은위팔동맥 | J5: 위팔 뒤쪽, 팔을 펼 때 세 갈래 윤곽 촉진 | K5: 근육주사(삼각근 대신 사용 시), 노신경이 안쪽·가쪽갈래 사이 나선고랑을 주행(위팔뼈 골절 시 손상 위험)
A6: ☐ | B6: 뒤칸(폄근) | C6: 팔꿈치근 | D6: Anconeus | E6: 위팔뼈 가쪽위관절융기 | F6: 자뼈 팔꿈치머리 가쪽면·몸쪽뒷면 | G6: 팔꿈치 폄 보조, 관절주머니 긴장 유지(안정화) | H6: 노신경(C7-C8, T1) | I6: 깊은위팔동맥의 중간쪽곁동맥 | J6: 팔꿈치머리 가쪽의 작은 삼각형 부위에서 촉진 | K6: 위팔세갈래근의 '연장'처럼 작용, 팔꿈치 뒤가쪽 접근 수술의 랜드마크

Sheet 08_아래팔
A1: 아래팔 (Forearm) — 근육 학습 체크리스트 (총 19개)
A2: 체크 | B2: 그룹 | C2: 근육명(한글) | D2: 근육명(영문) | E2: 이는곳(기시) | F2: 닿는곳(정지) | G2: 작용 | H2: 지배신경 | I2: 혈액공급 | J2: 촉진 포인트 | K2: 임상 포인트 | L2: 메모
A3: ☐ | B3: 앞칸 얕은층 | C3: 원엎침근 | D3: Pronator teres | E3: 위팔갈래-안쪽위관절융기 / 자갈래-자뼈갈고리돌기 | F3: 노뼈 가쪽면 중간 | G3: 아래팔 엎침, 팔꿈치 굽힘 보조 | H3: 정중신경(C6-C7) | I3: 노쪽되돌이동맥 | J3: 팔꿈치 앞안쪽에서 엎침 저항 시 촉진 | K3: 정중신경이 두 갈래(위팔갈래·자갈래) 사이를 통과 → 회내근증후군의 압박부위
A4: ☐ | B4: 앞칸 얕은층 | C4: 노쪽손목굽힘근 | D4: Flexor carpi radialis | E4: 안쪽위관절융기 | F4: 2번손허리뼈바닥(±3번) | G4: 손목 굽힘, 노쪽 치우침(요측편위) | H4: 정중신경(C6-C7) | I4: 노동맥 | J4: 손목 앞쪽 노쪽 힘줄로 뚜렷이 촉진(노동맥 촉진 기준점 안쪽) | K4: 손목 굴 증후군 수술 시 정중선 표지, 힘줄이 노동맥 촉진의 안쪽 경계
A5: ☐ | B5: 앞칸 얕은층 | C5: 긴손바닥근 | D5: Palmaris longus | E5: 안쪽위관절융기 | F5: 손바닥널힘줄 | G5: 손목 굽힘, 손바닥널힘줄 긴장 | H5: 정중신경(C7-C8, T1) | I5: 자동맥 | J5: 엄지·새끼 맞대고 손목 굽히면 손목 정중앙 얇은 힘줄로 촉진 | K5: 인구의 약 10-15%에서 결여(해부학적 변이), 결여 시에도 기능 저하 없음 — 힘줄이식(예: 인대재건) 공여부로 흔히 사용
A6: ☐ | B6: 앞칸 얕은층 | C6: 자쪽손목굽힘근 | D6: Flexor carpi ulnaris | E6: 위팔갈래-안쪽위관절융기 / 자갈래-팔꿈치머리·자뼈뒤모서리 | F6: 콩알뼈, 갈고리뼈, 5번손허리뼈바닥 | G6: 손목 굽힘, 자쪽 치우침(척측편위) | H6: 자신경(C7-C8, T1) | I6: 자동맥 | J6: 손목 앞안쪽 콩알뼈로 이어지는 힘줄 촉진 | K6: 자신경이 이 근육의 두 갈래 사이(팔꿈치터널) 지나감 → 자신경마비 호발부위
A7: ☐ | B7: 앞칸 중간층 | C7: 얕은손가락굽힘근 | D7: Flexor digitorum superficialis | E7: 안쪽위관절융기, 자뼈갈고리돌기, 노뼈위앞면 | F7: 2-5번 손가락 중간마디뼈(양쪽으로 갈라져 부착) | G7: 손허리손가락관절(MCP)·몸쪽손가락뼈사이관절(PIP) 굽힘 | H7: 정중신경(C7-T1) | I7: 자동맥 | J7: 손바닥쪽 손목 중앙 깊은층, 개별 손가락 PIP 굽힘시켜 확인 | K7: 임상: PIP만 굽히고 나머지 손가락 고정 시 해당 힘줄 기능 단독 검사 가능
A8: ☐ | B8: 앞칸 깊은층 | C8: 깊은손가락굽힘근 | D8: Flexor digitorum profundus | E8: 자뼈앞면·뼈사이막 | F8: 2-5번 손가락 끝마디뼈 | G8: 먼쪽손가락뼈사이관절(DIP) 굽힘(유일한 근육) | H8: 가쪽(2·3번)-정중신경(뼈사이앞신경) / 안쪽(4·5번)-자신경 | I8: 자동맥·앞뼈사이동맥 | J8: 얕은손가락굽힘근 심층, DIP만 굽혀 확인 | K8: 임상: DIP 굽힘 검사로 단독 기능 확인, 손가락 야구손상(jersey finger)과 연관
A9: ☐ | B9: 앞칸 깊은층 | C9: 긴엄지굽힘근 | D9: Flexor pollicis longus | E9: 노뼈앞면·뼈사이막 | F9: 엄지 끝마디뼈바닥 | G9: 엄지 모든 관절 굽힘 | H9: 정중신경(뼈사이앞신경, C8-T1) | I9: 앞뼈사이동맥 | J9: 엄지 두덩 근위부 깊은곳(직접 촉진 어려움) | K9: 뼈사이앞신경증후군에서 OK사인(엄지·검지 끝 맞대기) 불가로 진단
A10: ☐ | B10: 앞칸 깊은층 | C10: 네모엎침근 | D10: Pronator quadratus | E10: 자뼈먼쪽앞면 | F10: 노뼈먼쪽앞면 | G10: 아래팔 엎침(주작용근) | H10: 정중신경(뼈사이앞신경, C8-T1) | I10: 앞뼈사이동맥 | J10: 손목 바로 위 앞면 깊은곳(직접 촉진 어려움) | K10: 원엎침근보다 실제 엎침의 주역, 노뼈 원위부 골절 시 손상 흔함
A11: ☐ | B11: 뒤칸 얕은층 | C11: 위팔노근 | D11: Brachioradialis | E11: 위팔뼈 가쪽관절융기위능선 | F11: 노뼈 붓돌기 | G11: 팔꿈치 굽힘(아래팔 중간위치에서 가장 강력) | H11: 노신경(C5-C6) | I11: 노쪽곁동맥 | J11: 팔꿈치 가쪽에서 저항굽힘 시 두드러진 융기로 촉진 | K11: 노신경 지배지만 기능은 굽힘근(예외적 근육으로 시험 단골)
A12: ☐ | B12: 뒤칸 얕은층 | C12: 긴노쪽손목폄근 | D12: Extensor carpi radialis longus | E12: 가쪽관절융기위능선 | F12: 2번손허리뼈바닥 | G12: 손목 폄, 노쪽 치우침 | H12: 노신경(C6-C7) | I12: 노쪽되돌이동맥 | J12: 위팔노근 뒤쪽, 손목 폄 시 아래팔 노쪽 능선 촉진 | K12: 테니스엘보(가쪽위관절융기염) 관련근 중 하나
A13: ☐ | B13: 뒤칸 얕은층 | C13: 짧은노쪽손목폄근 | D13: Extensor carpi radialis brevis | E13: 가쪽위관절융기(공통폄근기시) | F13: 3번손허리뼈바닥 | G13: 손목 폄 | H13: 노신경 깊은가지(C7-C8) | I13: 노쪽되돌이동맥 | J13: 긴노쪽손목폄근 심층 | K13: 테니스엘보(외측상과염)의 가장 흔한 병변 근육
A14: ☐ | B14: 뒤칸 얕은층 | C14: 손가락폄근 | D14: Extensor digitorum | E14: 가쪽위관절융기(공통폄근기시) | F14: 2-5번 손가락 폄근확장부 | G14: 손가락 폄(주로 MCP 관절) | H14: 뒤뼈사이신경(후골간신경, 노신경 깊은가지, C7-C8) | I14: 뒤뼈사이동맥 | J14: 손등 중앙, 손가락 펼 때 네 힘줄이 뚜렷이 촉진 | K14: 손등 폄근지지띠 아래 힘줄 배열 학습의 기준근
... A21: ☐ | B21: 뒤칸 깊은층 | C21: 집게폄근 | D21: Extensor indicis | E21: 자뼈뒤면·뼈사이막 | F21: 집게손가락 폄근확장부 | G21: 집게손가락 단독 폄(가리키는 동작) | H21: 뒤뼈사이신경 | I21: 뒤뼈사이동맥 | J21: 손등 집게손가락 힘줄, 다른 손가락 굽힌 채 집게만 펴서 확인 | K21: 가리키는 손가락 동작의 해부학적 근거

Sheet 09_손
A1: 손 (Hand) — 근육 학습 체크리스트 (총 11개)
A2: 체크 | B2: 그룹 | C2: 근육명(한글) | D2: 근육명(영문) | E2: 이는곳(기시) | F2: 닿는곳(정지) | G2: 작용 | H2: 지배신경 | I2: 혈액공급 | J2: 촉진 포인트 | K2: 임상 포인트 | L2: 메모
A3: ☐ | B3: 엄지두덩근 | C3: 짧은엄지벌림근 | D3: Abductor pollicis brevis | E3: 굽힘근지지띠, 손배뼈결절 | F3: 엄지 첫마디뼈바닥(가쪽) | G3: 엄지 벌림 | H3: 정중신경(C8-T1) | I3: 얕은손바닥동맥활 | J3: 엄지두덩 중 가장 얕은 융기로 촉진 | K3: 정중신경 지배 → 손목굴증후군에서 무지구 위축(엄지벌림 약화)의 대표 소견
A4: ☐ | B4: 엄지두덩근 | C4: 짧은엄지굽힘근 | D4: Flexor pollicis brevis | E4: 굽힘근지지띠, 큰마름뼈 | F4: 엄지 첫마디뼈바닥 | G4: 엄지 손허리손가락관절(MCP) 굽힘 | H4: 얕은갈래-정중신경 / 깊은갈래-자신경 | I4: 얕은손바닥동맥활 | J4: 짧은엄지벌림근 안쪽에서 촉진 | K4: 이중신경지배(정중+자신경)로 시험 단골
A5: ☐ | B5: 엄지두덩근 | C5: 엄지맞섬근 | D5: Opponens pollicis | E5: 굽힘근지지띠, 큰마름뼈 | F5: 1번손허리뼈(노쪽면) | G5: 엄지 맞섬운동(대립, 엄지-새끼 맞대기) | H5: 정중신경(C8-T1) | I5: 노동맥 손바닥쪽분지 | J5: 엄지두덩 깊은층(엄지 맞섬 시 융기 촉진) | K5: 손의 정교한 잡기(pincer grip) 핵심근, 정중신경 손상 시 맞섬 불가
A6: ☐ | B6: 엄지두덩근 | C6: 엄지모음근 | D6: Adductor pollicis | E6: 빗갈래-알머리뼈·2/3번손허리뼈 / 가로갈래-3번손허리뼈앞면 | F6: 엄지 첫마디뼈바닥(안쪽) | G6: 엄지 모음 | H6: 자신경 깊은가지(C8-T1) | I6: 깊은손바닥동맥활 | J6: 엄지-검지 사이 물갈퀴막(첫째 손등뼈사이공간)에서 촉진 | K6: 자신경마비 시 프로멘트징후(Froment sign) 양성의 원인근
A7: ☐ | B7: 새끼두덩근 | C7: 짧은손바닥근 | D7: Palmaris brevis | E7: 손바닥널힘줄(자쪽) | F7: 새끼두덩 피부 | G7: 손바닥 피부에 주름을 만들어 소구조 보호 | H7: 자신경 얕은가지 | I7: 자동맥 | J7: 새끼두덩 피부밑 얕은층에서 촉진 | K7: 손바닥 그립력 보조, 임상적 의의는 제한적
A8: ☐ | B8: 새끼두덩근 | C8: 새끼벌림근 | D8: Abductor digiti minimi | E8: 콩알뼈 | F8: 새끼손가락 첫마디뼈바닥 | G8: 새끼손가락 벌림 | H8: 자신경 깊은가지(C8-T1) | I8: 자동맥 | J8: 새끼두덩 가장 얕은 융기로 촉진 | K8: 기용관(Guyon관) 증후군에서 자신경 깊은가지 마비 시 위축
A9: ☐ | B9: 새끼두덩근 | C9: 짧은새끼굽힘근 | D9: Flexor digiti minimi brevis | E9: 갈고리뼈갈고리, 굽힘근지지띠 | F9: 새끼 첫마디뼈바닥 | G9: 새끼손가락 MCP 굽힘 | H9: 자신경 깊은가지 | I9: 자동맥 | J9: 새끼벌림근 안쪽에서 촉진 | K9: 새끼벌림근과 나란히 위치, 기능 감별은 촉진만으로는 어려움
A10: ☐ | B10: 새끼두덩근 | C10: 새끼맞섬근 | D10: Opponens digiti minimi | E10: 갈고리뼈갈고리 | F10: 5번손허리뼈(자쪽모서리) | G10: 새끼손가락 맞섬운동 | H10: 자신경 깊은가지 | I10: 자동맥 | J10: 새끼두덩 깊은층(체표 촉진 어려움) | K10: 엄지맞섬근과 대칭적 기능(손바닥 오목 형성에 기여)
A11: ☐ | B11: 중간근(내재근) | C11: 벌레근(4개) | D11: Lumbricals | E11: 깊은손가락굽힘근힘줄(각 손가락별) | F11: 폄근확장부(노쪽) | G11: MCP 굽힘 + PIP·DIP 폄(손가락을 곧게 펴며 굽히는 동작) | H11: 1·2번(가쪽)-정중신경 / 3·4번(안쪽)-자신경 | I11: 얕은손바닥동맥활 | J11: 손허리뼈 사이 손바닥면에서 간접 촉진 | K11: 글자 쓰기 자세(MCP굽힘+IP폄)의 핵심근, '가재손(claw hand)' 변형과 관련
A12: ☐ | B12: 중간근(내재근) | C12: 바닥쪽뼈사이근(3개) | D12: Palmar interossei | E12: 2·4·5번손허리뼈(축 방향 한쪽면) | F12: 해당 손가락 폄근확장부(중심축 방향) | G12: 손가락 모음(내전, 셋째손가락 축 기준 'PAD') | H12: 자신경 깊은가지(C8-T1) | I12: 깊은손바닥동맥활 | J12: 손허리뼈 사이 손등쪽에서 손가락 모음 시 간접 촉진 | K12: 암기법 'PAD-DAB'(바닥쪽=모음, 등쪽=벌림)
A13: ☐ | B13: 중간근(내재근) | C13: 등쪽뼈사이근(4개) | D13: Dorsal interossei | E13: 인접한 손허리뼈 양쪽면(두 갈래) | F13: 2·3·4번손가락 폄근확장부(중심축 반대방향) | G13: 손가락 벌림(외전, 'DAB') | H13: 자신경 깊은가지(C8-T1) | I13: 손등동맥활 | J13: 손등 손허리뼈 사이 골짜기에서 손가락 벌릴 때 촉진 | K13: 손가락 벌림·모음 검사로 자신경 기능(척골신경병증) 선별

Sheet 10_골반_볼기
A1: 골반·볼기 (Pelvis & Gluteal) — 근육 학습 체크리스트 (총 13개)
A2: 체크 | B2: 그룹 | C2: 근육명(한글) | D2: 근육명(영문) | E2: 이는곳(기시) | F2: 닿는곳(정지) | G2: 작용 | H2: 지배신경 | I2: 혈액공급 | J2: 촉진 포인트 | K2: 임상 포인트 | L2: 메모
A3: ☐ | B3: 볼기근 | C3: 큰볼기근 | D3: Gluteus maximus | E3: 엉덩뼈 뒷면, 엉치뼈·꼬리뼈, 엉치결절인대 | F3: 볼기근거친면(위팔부), 엉덩정강근막띠 | G3: 엉덩관절 폄(특히 굽힌자세에서 강력), 가쪽돌림 | H3: 아래볼기신경(하둔신경, L5-S2) | I3: 위·아래볼기동맥 | J3: 엉덩이 전체 두툼한 근육으로 쉽게 촉진(근육주사 부위) | K3: 계단오르기·일어서기의 주동근, 근육주사 시 궁둥신경 손상 방지 위해 가쪽위 1/4 부위 사용
A4: ☐ | B4: 볼기근 | C4: 중간볼기근 | D4: Gluteus medius | E4: 엉덩뼈 바깥면(앞·뒤볼기근선 사이) | F4: 큰돌기(가쪽면) | G4: 엉덩관절 벌림, 한다리서기 시 골반 수평 유지(안정화) | H4: 위볼기신경(상둔신경, L4-S1) | I4: 위볼기동맥 | J4: 큰볼기근 위쪽, 엉덩뼈능선 아래에서 촉진 | K4: 약화 시 트렌델렌부르크 보행(반대쪽 골반 처짐), 인공고관절치환술 접근 시 중요
A5: ☐ | B5: 볼기근 | C5: 작은볼기근 | D5: Gluteus minimus | E5: 엉덩뼈 바깥면(앞·아래볼기근선 사이) | F5: 큰돌기(앞면) | G5: 엉덩관절 벌림, 안쪽돌림 보조 | H5: 위볼기신경(L4-S1) | I5: 위볼기동맥 | J5: 중간볼기근 심층(직접 촉진 어려움) | K5: 중간볼기근과 협동, 인공고관절 수술 시 함께 다뤄짐
A6: ☐ | B6: 볼기근 | C6: 넙다리근막긴장근 | D6: Tensor fasciae latae | E6: 엉덩뼈능선 앞부분·위앞엉덩뼈가시(ASIS) | F6: 엉덩정강근막띠(장경인대)를 거쳐 정강뼈 거디결절(Gerdy결절) | G6: 엉덩관절 굽힘·벌림·안쪽돌림, 무릎 가쪽 안정화 | H6: 위볼기신경(L4-S1) | I6: 가쪽넙다리휘돌이동맥 오름가지 | J6: ASIS 바로 아래가쪽에서 엉덩관절 굽힘+안쪽돌림 시 촉진 | K6: 엉덩정강근막띠증후군(달리기 무릎통증)의 근위 원인근 — 중간볼기근과 함께 위볼기신경 지배
A7: ☐ | B7: 깊은가쪽돌림근 | C7: 궁둥구멍근 | D7: Piriformis | E7: 엉치뼈 앞면 | F7: 큰돌기 위쪽 | G7: 엉덩관절 가쪽돌림(폄 상태), 벌림(90도 굽힘 상태) | H7: 궁둥구멍근신경(S1-S2) | I7: 아래볼기동맥 | J7: 큰볼기근 심층, 엉치뼈~큰돌기 사선으로 간접 촉진 | K7: 궁둥신경과의 주행 관계 변이(Type Ⅰ~Ⅲ)가 궁둥구멍근증후군의 핵심 원인
A8: ☐ | B8: 깊은가쪽돌림근 | C8: 위쌍둥이근 | D8: Gemellus superior | E8: 궁둥뼈가시 | F8: 속폐쇄근힘줄과 합류(큰돌기 안쪽면) | G8: 가쪽돌림 | H8: 속폐쇄근신경(L5-S2) | I8: 아래볼기동맥 | J8: 궁둥구멍근 아래 깊은층(직접 촉진 어려움) | K8: 속폐쇄근힘줄의 '보조 활차' 역할
A9: ☐ | B9: 깊은가쪽돌림근 | C9: 아래쌍둥이근 | D9: Gemellus inferior | E9: 궁둥뼈결절 | F9: 속폐쇄근힘줄과 합류 | G9: 가쪽돌림 | H9: 넙다리네모근신경(L4-S1) | I9: 아래볼기동맥 | J9: 위쌍둥이근보다 아래쪽 깊은층 | K9: 위쌍둥이근·속폐쇄근·아래쌍둥이근이 함께 '삼중근' 형태로 작용
A10: ☐ | B10: 깊은가쪽돌림근 | C10: 속폐쇄근 | D10: Obturator internus | E10: 폐쇄막 안쪽면 | F10: 큰돌기 안쪽면(쌍둥이근 사이) | G10: 가쪽돌림 | H10: 속폐쇄근신경(L5-S2) | I10: 속음부동맥 | J10: 궁둥구멍근 아래, 직접 촉진 어려움 | K10: 골반출구를 나갈 때 방향이 직각으로 꺾이는 유일한 근육(작은궁둥패임이 도르래 역할)
A11: ☐ | B11: 깊은가쪽돌림근 | C11: 바깥폐쇄근 | D11: Obturator externus | E11: 폐쇄막 바깥면 | F11: 돌기오목(넙다리뼈) | G11: 가쪽돌림 | H11: 폐쇄신경(L3-L4) | I11: 폐쇄동맥 | J11: 넙다리 안쪽 깊은곳(체표 촉진 불가) | K11: 깊은가쪽돌림근군 중 유일하게 폐쇄신경 지배(나머지는 엉치신경얼기)
A12: ☐ | B12: 깊은가쪽돌림근 | C12: 넙다리네모근 | D12: Quadratus femoris | E12: 궁둥뼈결절 | F12: 돌기사이능선 | G12: 가쪽돌림 | H12: 넙다리네모근신경(L4-S1) | I12: 안쪽넙다리휘돌이동맥 | J12: 궁둥뼈결절과 큰돌기 사이에서 간접 촉진 | K12: 인공고관절 후방접근술 시 절개·봉합 기준근
A13: ☐ | B13: 엉덩허리근 | C13: 엉덩허리근(큰허리근+엉덩근) | D13: Iliopsoas (Psoas major + Iliacus) | E13: 큰허리근-T12~L5 척추체·가로돌기 / 엉덩근-엉덩오목 | F13: 넙다리뼈 작은돌기 | G13: 엉덩관절 굽힘(가장 강력한 굽힘근) | H13: 큰허리근-허리신경얼기(L1-L3) / 엉덩근-넙다리신경(L2-L4) | I13: 허리동맥·엉덩허리동맥 | J13: 배꼽 가쪽 깊은곳(복부) 또는 샅고랑 부위에서 간접 촉진 | K13: 샅고랑인대 아래로 지나가며 넙다리신경과 함께 주행, 요근농양(psoas abscess)의 해부학적 경로
A14: ☐ | B14: 골반바닥근 | C14: 항문올림근(3부: 두덩곧창자근·두덩꼬리근·엉덩꼬리근) | D14: Levator ani | E14: 두덩뼈 뒤면, 힘줄활(항문올림근널힘줄활), 궁둥뼈가시 | F14: 꼬리뼈, 항문꼬리인대, 곧창자 주위(두덩곧창자근은 고리를 이룸) | G14: 골반장기 지지, 배변·배뇨 조절(두덩곧창자근이 항문직장각 유지) | H14: 음부신경(S2-S4)+S3-S4 직접가지 | I14: 속음부동맥·아래볼기동맥 | J14: 질·직장 수지검사로 내부 촉진(체표 촉진 불가) | K14: 분만손상·만성 기침·비만 시 약화 → 골반장기탈출증·요실금, 케겔운동의 표적근
A15: ☐ | B15: 골반바닥근 | C15: 꼬리근(꼬리뼈근) | D15: Coccygeus (Ischiococcygeus) | E15: 궁둥뼈가시 | F15: 꼬리뼈·엉치뼈 아래부분 | G15: 골반바닥 뒤부분 지지, 꼬리뼈를 앞으로 당김 | H15: S4-S5 앞가지 | I15: 아래볼기동맥·가쪽엉치동맥 | J15: 직장 수지검사로 간접 확인 | K15: 엉치가시인대와 같은 면에 위치(인대의 근육성 대응구조) — 항문올림근과 함께 골반가로막 형성

Sheet 11_넙다리
A1: 넙다리 (Thigh) — 근육 학습 체크리스트 (총 13개)
A2: 체크 | B2: 그룹 | C2: 근육명(한글) | D2: 근육명(영문) | E2: 이는곳(기시) | F2: 닿는곳(정지) | G2: 작용 | H2: 지배신경 | I2: 혈액공급 | J2: 촉진 포인트 | K2: 임상 포인트 | L2: 메모
A3: ☐ | B3: 앞칸 | C3: 넙다리빗근 | D3: Sartorius | E3: 위앞엉덩뼈가시(ASIS) | F3: 정강뼈위안쪽면(거위발, pes anserinus) | G3: 엉덩관절 굽힘·벌림·가쪽돌림 + 무릎 굽힘(다리꼬는 자세) | H3: 넙다리신경(L2-L3) | I3: 넙다리동맥 분지 | J3: 골반 앞에서 무릎 안쪽까지 사선으로 뚜렷이 촉진(인체에서 가장 긴 근육) | K3: '재봉사근'이라는 별명(책상다리 자세 유래), 거위발건염의 구성 힘줄 중 하나
A4: ☐ | B4: 앞칸 | C4: 넙다리곧은근 | D4: Rectus femoris | E4: 아래앞엉덩뼈가시(AIIS) | F4: 무릎뼈(넙다리네갈래근힘줄 → 무릎인대 → 정강뼈거친면) | G4: 무릎 폄 + 엉덩관절 굽힘(이관절근, 두 관절 동시작용) | H4: 넙다리신경(L2-L4) | I4: 가쪽넙다리휘돌이동맥 | J4: 넙다리 앞면 중앙, 무릎을 펼 때 세로 융기로 촉진 | K4: 네갈래근 중 유일하게 엉덩관절도 지나는 이관절근 → 축구선수 파열 호발
A5: ☐ | B5: 앞칸 | C5: 안쪽넓은근 | D5: Vastus medialis | E5: 넙다리뼈거친선(안쪽순) | F5: 무릎뼈(안쪽) | G5: 무릎 폄, 무릎뼈 안정화(가쪽탈구 방지) | H5: 넙다리신경(L2-L4) | I5: 넙다리동맥 | J5: 무릎 안쪽위 '눈물방울' 모양 융기로 촉진 | K5: 무릎뼈넙다리통증증후군 재활의 핵심 강화근(VMO 강화운동)
A6: ☐ | B6: 앞칸 | C6: 가쪽넓은근 | D6: Vastus lateralis | E6: 넙다리뼈거친선(가쪽순)·큰돌기 | F6: 무릎뼈(가쪽) | G6: 무릎 폄 | H6: 넙다리신경(L2-L4) | I6: 가쪽넙다리휘돌이동맥 | J6: 넙다리 가쪽에서 가장 큰 근육으로 촉진 | K6: 네갈래근 중 부피가 가장 커 근육주사(대퇴 가쪽) 부위로도 사용
A7: ☐ | B7: 앞칸 | C7: 중간넓은근 | D7: Vastus intermedius | E7: 넙다리뼈 앞·가쪽면 | F7: 무릎뼈 | G7: 무릎 폄 | H7: 넙다리신경(L2-L4) | I7: 넙다리동맥 | J7: 넙다리곧은근 심층(직접 촉진 어려움) | K7: 네갈래근 중 유일하게 표면에서 보이지 않는 심층근
A8: ☐ | B8: 안쪽칸(모음근군) | C8: 두덩정강근 | D8: Gracilis | E8: 두덩뼈 아래가지 | F8: 정강뼈위안쪽면(거위발) | G8: 엉덩관절 모음 + 무릎 굽힘(이관절근) | H8: 폐쇄신경(L2-L3) | I8: 폐쇄동맥 | J8: 넙다리 안쪽 가장 얕은 세로 근육으로 촉진 | K8: 모음근군 중 유일하게 무릎 아래까지 내려감, 이식건(전방십자인대 재건)으로 흔히 사용
A9: ☐ | B9: 안쪽칸(모음근군) | C9: 두덩근 | D9: Pectineus | E9: 두덩뼈빗 | F9: 넙다리뼈두덩근선(작은돌기 아래) | G9: 엉덩관절 모음 + 굽힘 | H9: 넙다리신경(±폐쇄신경, L2-L3) | I9: 폐쇄동맥·안쪽넙다리휘돌이동맥 | J9: 샅고랑 삼각(femoral triangle) 안쪽 경계에서 촉진 | K9: 넙다리삼각의 바닥을 이루는 근육 중 하나, 이중신경지배
A10: ☐ | B10: 안쪽칸(모음근군) | C10: 긴모음근 | D10: Adductor longus | E10: 두덩뼈몸통 앞면 | F10: 넙다리뼈거친선(중간1/3) | G10: 엉덩관절 모음 | H10: 폐쇄신경 앞가지(L2-L4) | I10: 안쪽넙다리휘돌이동맥·모음근동맥 | J10: 샅고랑 아래 넙다리 안쪽에서 가장 뚜렷한 힘줄로 촉진(넙다리삼각의 안쪽경계) | K10: 축구선수 사타구니 부상(그로인 통증)의 최호발근
A11: ☐ | B11: 안쪽칸(모음근군) | C11: 짧은모음근 | D11: Adductor brevis | E11: 두덩뼈 아래가지 | F11: 넙다리뼈거친선(위쪽) | G11: 엉덩관절 모음 | H11: 폐쇄신경(L2-L4) | I11: 폐쇄동맥 | J11: 긴모음근 심층(직접 촉진 어려움) | K11: 긴모음근과 두덩근 사이에 위치, 폐쇄신경이 이 근육 앞·뒤로 나뉘어 주행
A12: ☐ | B12: 안쪽칸(모음근군) | C12: 큰모음근 | D12: Adductor magnus | E12: 모음근부분-궁둥뼈아래가지 / 뒤넙다리근부분(햄스트링부)-궁둥뼈결절 | F12: 넙다리뼈거친선·모음근결절 | G12: 모음(전체), 폄(뒤넙다리근부분) | H12: 모음근부분-폐쇄신경 / 뒤넙다리근부분-정강신경(좌골신경, L2-S3) | I12: 모음근동맥·깊은넙다리동맥 관통동맥 | J12: 넙다리 안쪽 깊은곳, 모음근결절 부위에서 힘줄 촉진 | K12: 모음근구멍(adductor hiatus, 모음근결절 부근)으로 넙다리동맥이 오금동맥이 되어 빠져나감
A13: ☐ | B13: 뒤칸(햄스트링) | C13: 넙다리두갈래근 | D13: Biceps femoris | E13: 긴갈래-궁둥뼈결절 / 짧은갈래-넙다리뼈거친선(가쪽) | F13: 종아리뼈머리 | G13: 무릎 굽힘 + 가쪽돌림, 엉덩관절 폄(긴갈래) | H13: 긴갈래-정강신경 / 짧은갈래-온종아리신경(둘다 좌골신경, L5-S2) | I13: 깊은넙다리동맥의 관통동맥 | J13: 무릎 뒤가쪽에서 굽힐 때 뚜렷한 힘줄로 촉진(오금 가쪽 경계) | K13: 궁둥신경이 긴갈래와 짧은갈래 사이로 나뉘어 하나는 정강신경 하나는 온종아리신경 지배(이중신경지배 대표 예)
A14: ☐ | B14: 뒤칸(햄스트링) | C14: 반힘줄근 | D14: Semitendinosus | E14: 궁둥뼈결절 | F14: 정강뼈위안쪽면(거위발) | G14: 무릎 굽힘 + 안쪽돌림, 엉덩관절 폄 | H14: 정강신경(좌골신경, L5-S2) | I14: 관통동맥 | J14: 무릎 뒤안쪽, 오금 안쪽 경계에서 힘줄 촉진 | K14: 긴 힘줄이 특징적(이름의 유래), 거위발건 구성 힘줄 중 하나
A15: ☐ | B15: 뒤칸(햄스트링) | C15: 반막모양근 | D15: Semimembranosus | E15: 궁둥뼈결절 | F15: 정강뼈안쪽관절융기(뒤면) | G15: 무릎 굽힘 + 안쪽돌림, 엉덩관절 폄 | H15: 정강신경(좌골신경, L5-S2) | I15: 관통동맥 | J15: 반힘줄근 심층(넓적한 널힘줄로 촉진) | K15: 무릎 뒤안쪽 관절주머니 보강(오금빗인대 형성)에 기여

Sheet 12_종아리
A1: 종아리 (Leg) — 근육 학습 체크리스트 (총 13개)
A2: 체크 | B2: 그룹 | C2: 근육명(한글) | D2: 근육명(영문) | E2: 이는곳(기시) | F2: 닿는곳(정지) | G2: 작용 | H2: 지배신경 | I2: 혈액공급 | J2: 촉진 포인트 | K2: 임상 포인트 | L2: 메모
A3: ☐ | B3: 앞칸(발등굽힘) | C3: 앞정강근 | D3: Tibialis anterior | E3: 정강뼈가쪽면위쪽, 뼈사이막 | F3: 안쪽쐐기뼈, 1번발허리뼈바닥 | G3: 발등굽힘 + 안쪽번짐(내번) | H3: 깊은종아리신경(L4-L5) | I3: 앞정강동맥 | J3: 정강뼈 가쪽에서 발을 당길 때 뚜렷이 촉진 | K3: 발처짐(foot drop)의 핵심 근육 — 마비 시 계상보행(steppage gait)
A4: ☐ | B4: 앞칸(발등굽힘) | C4: 긴발가락폄근 | D4: Extensor digitorum longus | E4: 정강뼈가쪽관절융기, 종아리뼈앞면 | F4: 2-5번발가락 폄근확장부 | G4: 발가락 폄 + 발등굽힘 | H4: 깊은종아리신경(L5-S1) | I4: 앞정강동맥 | J4: 앞정강근 가쪽, 발가락 펼 때 힘줄 촉진 | K4: 발등에서 짧은발가락폄근과 힘줄이 합류
A5: ☐ | B5: 앞칸(발등굽힘) | C5: 긴엄지폄근 | D5: Extensor hallucis longus | E5: 종아리뼈안쪽면, 뼈사이막 | F5: 엄지발가락 끝마디뼈 | G5: 엄지 폄 + 발등굽힘 | H5: 깊은종아리신경(L5-S1) | I5: 앞정강동맥 | J5: 발등 안쪽, 앞정강근과 긴발가락폄근 힘줄 사이 촉진 | K5: 발등동맥(발등맥박) 촉진의 가쪽 경계 지표
A6: ☐ | B6: 앞칸(발등굽힘) | C6: 셋째종아리근 | D6: Fibularis tertius (Peroneus tertius) | E6: 종아리뼈먼쪽앞면 | F6: 5번발허리뼈바닥 | G6: 발등굽힘 + 가쪽번짐(외번) | H6: 깊은종아리신경(L5-S1) | I6: 앞정강동맥 | J6: 발등 가쪽, 긴발가락폄근 힘줄 가쪽에서 촉진 | K6: 긴발가락폄근에서 갈라져 나온 것으로 간주(사람에서만 발달)
A7: ☐ | B7: 가쪽칸(외번) | C7: 긴종아리근 | D7: Fibularis longus (Peroneus longus) | E7: 종아리뼈머리·가쪽면위쪽 | F7: 안쪽쐐기뼈, 1번발허리뼈바닥(발바닥면) | G7: 가쪽번짐 + 발바닥쪽굽힘 보조, 가로활 지지 | H7: 얕은종아리신경(L5-S1) | I7: 종아리동맥 | J7: 종아리뼈머리 아래 가쪽에서 촉진(온종아리신경 촉진 랜드마크이기도 함) | K7: 발바닥을 가로질러 안쪽쐐기뼈까지 주행 — 발 가로활 유지에 기여, 발목염좌(외측인대) 후 강화 대상
A8: ☐ | B8: 가쪽칸(외번) | C8: 짧은종아리근 | D8: Fibularis brevis (Peroneus brevis) | E8: 종아리뼈가쪽면아래 | F8: 5번발허리뼈거친면 | G8: 가쪽번짐 | H8: 얕은종아리신경(L5-S1) | I8: 종아리동맥 | J8: 가쪽복사 뒤로 이어지는 힘줄을 5번발허리뼈까지 촉진 | K8: 가쪽 발목염좌 시 견열골절(5번발허리뼈거친면) 호발부위
A9: ☐ | B9: 뒤칸 얕은층 | C9: 장딴지근 | D9: Gastrocnemius | E9: 안쪽·가쪽갈래-넙다리뼈 안쪽·가쪽관절융기 | F9: 발꿈치뼈(아킬레스건을 통해) | G9: 발바닥쪽굽힘(강력) + 무릎 굽힘 보조 | H9: 정강신경(S1-S2) | I9: 장딴지동맥 | J9: 종아리 뒤 두 갈래 볼록한 근육으로 쉽게 촉진 | K9: 아킬레스건파열 호발근(까치발 유발검사), 무릎을 펴야 최대 힘 발휘(이관절근)
A10: ☐ | B10: 뒤칸 얕은층 | C10: 가자미근 | D10: Soleus | E10: 종아리뼈머리·뒤면, 정강뼈 가자미근선 | F10: 발꿈치뼈(아킬레스건) | G10: 발바닥쪽굽힘(직립자세 유지의 주근) | H10: 정강신경(S1-S2) | I10: 뒤정강동맥·종아리동맥 | J10: 장딴지근 아래가쪽 가장자리에서 촉진(무릎 굽힌 채 확인) | K10: '제2의 심장'(정맥환류 펌프), 지구성 자세근으로 느린연축섬유 우세
A11: ☐ | B11: 뒤칸 얕은층 | C11: 장딴지빗근 | D11: Plantaris | E11: 넙다리뼈가쪽관절융기위 | F11: 발꿈치뼈(아킬레스건 안쪽) | G11: 발바닥쪽굽힘 보조(미약, 힘줄이 가늘고 김) | H11: 정강신경(S1-S2) | I11: 오금동맥 | J11: 체표 촉진 거의 불가(근복이 매우 작음) | K11: 약 10%는 결여, 가늘고 긴 힘줄은 이식건으로 활용, '테니스레그' 손상과 감별 필요
A12: ☐ | B12: 뒤칸 깊은층 | C12: 오금근 | D12: Popliteus | E12: 넙다리뼈가쪽관절융기 | F12: 정강뼈뒤면(가자미근선 위쪽) | G12: 무릎 굽힘 개시('unlock'), 가쪽반달연골을 뒤로 당김 | H12: 정강신경(L4-S1) | I12: 오금동맥 | J12: 오금(popliteal fossa) 아래 깊은곳(직접 촉진 어려움) | K12: 무릎 펴진 상태에서 잠김을 푸는 '열쇠' 근육으로 시험 단골
A13: ☐ | B13: 뒤칸 깊은층 | C13: 긴발가락굽힘근 | D13: Flexor digitorum longus | E13: 정강뼈뒤면 | F13: 2-5번발가락 끝마디뼈 | G13: 발가락 굽힘, 발바닥쪽굽힘 보조 | H13: 정강신경(L5-S2) | I13: 뒤정강동맥 | J13: 안쪽복사 뒤에서 뒤정강근·긴엄지굽힘근 사이 간접 촉진 | K13: 발바닥에서 긴엄지굽힘근 힘줄과 교차(Henry결절)
A14: ☐ | B14: 뒤칸 깊은층 | C14: 긴엄지굽힘근 | D14: Flexor hallucis longus | E14: 종아리뼈뒤면 | F14: 엄지발가락 끝마디뼈 | G14: 엄지 굽힘, 발바닥쪽굽힘 보조('푸시오프'에 중요) | H14: 정강신경(L5-S2) | I14: 종아리동맥 | J14: 발목 뒤안쪽 깊은곳(직접 촉진 어려움) | K14: 발레무용수의 '까치발' 동작 핵심근(distal glide 손상 흔함)
A15: ☐ | B15: 뒤칸 깊은층 | C15: 뒤정강근 | D15: Tibialis posterior | E15: 정강뼈·종아리뼈뒤면·뼈사이막 | F15: 발배뼈, 쐐기뼈들(주로), 발허리뼈바닥 일부 | G15: 발바닥쪽굽힘 + 안쪽번짐, 안쪽세로활 지지(주근) | H15: 정강신경(L4-L5) | I15: 뒤정강동맥 | J15: 안쪽복사 바로 뒤에서 가장 앞쪽 힘줄로 촉진 | K15: 기능부전 시 성인 후천성 편평발(flatfoot)의 가장 흔한 원인

Sheet 13_발
A1: 발 (Foot) — 근육 학습 체크리스트 (총 12개)
A2: 체크 | B2: 그룹 | C2: 근육명(한글) | D2: 근육명(영문) | E2: 이는곳(기시) | F2: 닿는곳(정지) | G2: 작용 | H2: 지배신경 | I2: 혈액공급 | J2: 촉진 포인트 | K2: 임상 포인트 | L2: 메모
A3: ☐ | B3: 발등 | C3: 짧은발가락폄근 | D3: Extensor digitorum brevis | E3: 발꿈치뼈 위가쪽면 | F3: 2-4번발가락(긴폄근힘줄과 합류) | G3: 2-4번 발가락 폄 보조 | H3: 깊은종아리신경(S1-S2) | I3: 가쪽발등동맥 | J3: 가쪽복사 앞아래 작은 융기로 촉진(발등에서 유일하게 만져지는 내재근) | K3: 발목염좌와 혼동되기 쉬운 부어오름의 원인(외상 시 이 근육 자체 손상 가능)
A4: ☐ | B4: 발등 | C4: 짧은엄지폄근 | D4: Extensor hallucis brevis | E4: 발꿈치뼈 위가쪽면 | F4: 엄지발가락 첫마디뼈 | G4: 엄지 폄 보조 | H4: 깊은종아리신경(S1-S2) | I4: 발등동맥 | J4: 짧은발가락폄근의 가장 안쪽 부분으로 간주, 함께 촉진 | K4: 짧은발가락폄근의 엄지 부분으로 별도 분리해 서술되기도 함
A5: ☐ | B5: 발바닥 1층 | C5: 엄지벌림근 | D5: Abductor hallucis | E5: 발꿈치뼈 안쪽돌기 | F5: 엄지발가락 첫마디뼈바닥(안쪽) | G5: 엄지 벌림, 안쪽세로활 지지 | H5: 안쪽발바닥신경(정강신경 분지, S1-S2) | I5: 안쪽발바닥동맥 | J5: 발 안쪽 세로활을 따라 뚜렷이 촉진 | K5: 발바닥근막염 평가 시 함께 촉진되는 대표근, 무지외반증(hallux valgus) 재활의 강화 표적근
A6: ☐ | B6: 발바닥 1층 | C6: 짧은발가락굽힘근 | D6: Flexor digitorum brevis | E6: 발꿈치뼈결절 | F6: 2-5번발가락 중간마디뼈 | G6: 발가락 굽힘(PIP) | H6: 안쪽발바닥신경(S1-S2) | I6: 안쪽발바닥동맥 | J6: 발바닥 중앙, 발가락 굽힐 때 아치 중심에서 간접 촉진 | K6: 발바닥근막과 함께 발꿈치뼈에서 기시 — 발꿈치통증(족저근막염)과 해부학적으로 인접
A7: ☐ | B7: 발바닥 1층 | C7: 새끼벌림근 | D7: Abductor digiti minimi | E7: 발꿈치뼈결절 | F7: 새끼발가락 첫마디뼈바닥 | G7: 새끼발가락 벌림, 가쪽세로활 지지 | H7: 가쪽발바닥신경(S1-S2) | I7: 가쪽발바닥동맥 | J7: 발 가쪽모서리를 따라 촉진 | K7: 재단사 무지외반증(bunionette) 부위와 인접
A8: ☐ | B8: 발바닥 2층 | C8: 발바닥네모근 | D8: Quadratus plantae | E8: 발꿈치뼈(안쪽·가쪽머리) | F8: 긴발가락굽힘근힘줄(가쪽모서리) | G8: 긴발가락굽힘근의 당김 방향을 교정(부착 보조근) | H8: 가쪽발바닥신경(S1-S2) | I8: 가쪽발바닥동맥 | J8: 발바닥 중앙 깊은곳(직접 촉진 어려움) | K8: 긴발가락굽힘근이 비스듬히 당기는 힘을 발가락 축과 일직선으로 바로잡는 '보정근'
A9: ☐ | B9: 발바닥 2층 | C9: 벌레근(4개) | D9: Lumbricals | E9: 긴발가락굽힘근힘줄 | F9: 폄근확장부(안쪽) | G9: 발허리발가락관절(MTP) 굽힘 + 발가락뼈사이관절(IP) 폄 | H9: 1번-안쪽발바닥신경 / 2-4번-가쪽발바닥신경 | I9: 발바닥동맥활 | J9: 발허리뼈 사이에서 간접 촉진 | K9: 손의 벌레근과 상동(相同)근육, 갈퀴족(claw toe) 변형과 관련
A10: ☐ | B10: 발바닥 3층 | C10: 짧은엄지굽힘근 | D10: Flexor hallucis brevis | E10: 안쪽쐐기뼈 | F10: 엄지발가락 첫마디뼈바닥(양쪽갈래, 종자뼈 포함) | G10: 엄지 발허리발가락관절(MTP) 굽힘 | H10: 안쪽발바닥신경(S1-S2) | I10: 안쪽발바닥동맥 | J10: 엄지두덩 아래쪽, 두 개의 종자뼈 부위에서 촉진 | K10: 두 개의 종자뼈(medial/lateral sesamoid)를 품고 있어 종자뼈염과 감별 필요
A11: ☐ | B11: 발바닥 3층 | C11: 엄지모음근 | D11: Adductor hallucis | E11: 빗갈래-2/3/4번발허리뼈바닥 / 가로갈래-3-5번 MTP관절 | F11: 엄지발가락 첫마디뼈바닥(가쪽) | G11: 엄지 모음, 발 가로활 지지 | H11: 가쪽발바닥신경 깊은가지(S2-S3) | I11: 발바닥동맥활 | J11: 발바닥 앞쪽 깊은곳(직접 촉진 어려움) | K11: 무지외반증(hallux valgus) 변형에서 엄지를 가쪽으로 당기는 데 관여하는 근육
A12: ☐ | B12: 발바닥 3층 | C12: 짧은새끼굽힘근 | D12: Flexor digiti minimi brevis | E12: 5번발허리뼈바닥 | F12: 새끼발가락 첫마디뼈바닥 | G12: 새끼발가락 MTP 굽힘 | H12: 가쪽발바닥신경(S2-S3) | I12: 가쪽발바닥동맥 | J12: 발 가쪽모서리 새끼두덩에서 촉진 | K12: 손의 짧은새끼굽힘근과 상동근육
A13: ☐ | B13: 발바닥 4층 | C13: 발등쪽뼈사이근(4개) | D13: Dorsal interossei | E13: 인접한 발허리뼈 양쪽면 | F13: 2번(양쪽)·3·4번(가쪽) 발가락뼈사이 | G13: 발가락 벌림(둘째발가락 축 기준 외전) | H13: 가쪽발바닥신경(S2-S3) | I13: 발등쪽동맥활 | J13: 발등 발허리뼈 사이 골짜기에서 간접 촉진 | K13: 손과 달리 둘째발가락이 중심축(발은 셋째손가락이 아닌 둘째발가락 기준)
A14: ☐ | B14: 발바닥 4층 | C14: 발바닥쪽뼈사이근(3개) | D14: Plantar interossei | E14: 3-5번발허리뼈 | F14: 같은 발가락 안쪽(둘째발가락 축 방향) | G14: 발가락 모음(둘째발가락 축 기준 내전) | H14: 가쪽발바닥신경(S2-S3) | I14: 발바닥동맥활 | J14: 발바닥 가장 깊은층(직접 촉진 불가) | K14: 'PAD'(모음)-'DAB'(벌림) 암기법이 발에서도 동일하게 적용(단, 축은 둘째발가락)
