Workbook

Sheet 00_대시보드
A1: 신경 학습 진행률 대시보드
A2: 계통 | B2: 전체 신경 수 | C2: 체크 완료 | D2: 미완료 | E2: 진행률
A3: 뇌신경 (Cranial Nerves, 12쌍) | B3: =COUNTA('00_뇌신경'!A3:A16) -> 14 | C3: =COUNTIF('00_뇌신경'!A3:A16,"☑") -> 0 | D3: =B3-C3 -> 14 | E3: =IFERROR(C3/B3,0) -> 0
A4: 목신경얼기 (Cervical Plexus, C1-C4) | B4: =COUNTA('01_목신경얼기'!A3:A8) -> 6 | C4: =COUNTIF('01_목신경얼기'!A3:A8,"☑") -> 0 | D4: =B4-C4 -> 6 | E4: =IFERROR(C4/B4,0) -> 0
A5: 팔신경얼기 (Brachial Plexus, C5-T1) | B5: =COUNTA('02_팔신경얼기'!A3:A15) -> 13 | C5: =COUNTIF('02_팔신경얼기'!A3:A15,"☑") -> 0 | D5: =B5-C5 -> 13 | E5: =IFERROR(C5/B5,0) -> 0
A6: 가슴신경 (Thoracic / Intercostal Nerves) | B6: =COUNTA('03_가슴신경'!A3:A4) -> 2 | C6: =COUNTIF('03_가슴신경'!A3:A4,"☑") -> 0 | D6: =B6-C6 -> 2 | E6: =IFERROR(C6/B6,0) -> 0
A7: 허리신경얼기 (Lumbar Plexus, L1-L4) | B7: =COUNTA('04_허리신경얼기'!A3:A9) -> 7 | C7: =COUNTIF('04_허리신경얼기'!A3:A9,"☑") -> 0 | D7: =B7-C7 -> 7 | E7: =IFERROR(C7/B7,0) -> 0
A8: 엉치신경얼기 (Sacral Plexus, L4-S4) | B8: =COUNTA('05_엉치신경얼기'!A3:A15) -> 13 | C8: =COUNTIF('05_엉치신경얼기'!A3:A15,"☑") -> 0 | D8: =B8-C8 -> 13 | E8: =IFERROR(C8/B8,0) -> 0
A9: 전체 합계 | B9: =SUM(B3:B8) -> 55 | C9: =SUM(C3:C8) -> 0 | D9: =SUM(D3:D8) -> 55 | E9: =IFERROR(C9/B9,0) -> 0
A11: 사용법 1) 각 계통 시트에서 '체크' 열 셀을 클릭하면 ☐ / ☑ 목록이 나타납니다. 학습을 마친 신경은 ☑로 표시하세요. 2) 이 대시보드는 각 시트의 체크 현황을 자동 집계합니다(수식 기반, 새로고침 불필요). 3) 뇌신경은 두개내 기시부터, 척수신경얼기는 신경뿌리에서 말단 가지 순서로 배치했습니다. 4) 자율신경계(교감/부교감)는 이 표에서 제외했습니다 - 체성신경(운동+감각) 중심으로 구성. 5) '운동지배' 컬럼은 근육 체크리스트와, 이 표는 동맥 체크리스트와 함께 대조하며 학습하면 좋습니다.

Sheet 00_뇌신경
A1: 뇌신경 (Cranial Nerves, 12쌍) — 신경 학습 체크리스트 (총 14개)
A2: 체크 | B2: 그룹 | C2: 신경명(한글) | D2: 신경명(영문) | E2: 기시(신경뿌리/분절) | F2: 주행경로 | G2: 운동지배(지배근육) | H2: 감각지배(피부분포) | I2: 반사 | J2: 포착·손상호발부위 | K2: 촉진 포인트 | L2: 임상 포인트 | M2: 메모
A3: ☐ | B3: 뇌신경(감각) | C3: CN I 후각신경 | D3: Olfactory nerve | E3: 코안 후각상피의 후각신경세포 축삭 (벌집뼈 사상판 통과) | F3: 후각상피 → 사상판(다수의 작은 가지) → 후각망울 → 후각로 → 대뇌 | G3: 해당없음 | H3: 후각 (코안 후각상피) | I3: 해당없음 | J3: 사상판 골절(두부외상), 코안 수술 시 손상 | K3: 해당없음 | L3: 두부외상 후 후각소실(anosmia)의 흔한 원인, 사상판을 통한 뇌척수액 코유출(rhinorrhea) 가능
A4: ☐ | B4: 뇌신경(감각) | C4: CN II 시각신경 | D4: Optic nerve | E4: 망막 신경절세포 축삭 (시각신경관 통과) | F4: 눈확 → 시각신경관 → 시각교차(반쪽 교차) → 시각로 → 가쪽무릎체 → 뒤통수엽 | G4: 해당없음 | H4: 시각 (망막) | I4: 대광반사(빛반사)의 구심로 | J4: 시각신경관 골절, 시신경염(다발경화증과 연관) | K4: 해당없음 | L4: 시각교차 압박(뇌하수체종양) 시 양쪽관자반맹(bitemporal hemianopia), 유두부종은 두개내압상승의 관찰 징후
A5: ☐ | B5: 뇌신경(운동) | C5: CN III 눈돌림신경 | D5: Oculomotor nerve | E5: 중간뇌(중뇌) 앞면, 대뇌다리사이오목 | F5: 해면정맥굴 가쪽벽을 지나 위눈확틈새를 통해 눈확으로 | G5: 위곧은근·아래곧은근·안쪽곧은근·아래빗근·위눈꺼풀올림근 (부교감 성분은 본 표에서 제외) | H5: 없음 | I5: 대광반사 원심로(부교감 성분, 참고용) | J5: 뒤교통동맥류에 의한 압박(전형적으로 동공산대 동반), 해면정맥굴 병변 | K5: 해당없음 | L5: 손상 시 안검하수, 아래가쪽사시("down and out"), 동맥류 압박 시 동공산대 동반이 당뇨성 마비와의 감별점
A6: ☐ | B6: 뇌신경(운동) | C6: CN IV 도르래신경 | D6: Trochlear nerve | E6: 중간뇌 뒷면 (뇌신경 중 유일하게 뒷면에서 나옴) | F6: 뇌줄기를 감아 돌아 해면정맥굴 가쪽벽을 지나 위눈확틈새로 | G6: 위빗근 | H6: 없음 | I6: 해당없음 | J6: 가늘고 긴 주행경로로 두부외상에 취약 (손상 빈도 비교적 높은 뇌신경) | K6: 해당없음 | L6: 손상 시 위빗근마비 - 수직복시, 계단 내려갈 때 악화, 대상성 고개기울임(head tilt)
A7: ☐ | B7: 뇌신경(감각) | C7: CN V-1 삼차신경(눈신경) | D7: Trigeminal - Ophthalmic division | E7: 삼차신경절(반달신경절) → 다리뇌 | F7: 해면정맥굴 가쪽벽을 지나 위눈확틈새를 통해 눈확으로 | G7: 없음 | H7: 이마·머리덮개 앞부분, 코등, 위눈꺼풀, 각막 | I7: 각막반사(눈깜박반사)의 구심로 | J7: 해면정맥굴 병변 | K7: 눈확위구멍(눈확위신경) | L7: 각막반사 소실은 삼차신경 병변의 중요 징후, 대상포진(안신경 분포) 시 각막 침범 위험
A8: ☐ | B8: 뇌신경(감각) | C8: CN V-2 삼차신경(위턱신경) | D8: Trigeminal - Maxillary division | E8: 삼차신경절 | F8: 원형구멍을 통과해 날개입천장오목 → 눈확아래구멍을 통해 얼굴로 | G8: 없음 | H8: 볼, 위입술, 위턱 치아, 코안 일부 | I8: 없음 | J8: 얼굴중간부(Le Fort) 골절 시 손상 | K8: 눈확아래구멍 | L8: 위턱굴(상악동) 수술 시 손상 위험, 치과 상악 마취의 해부학적 기준
A9: ☐ | B9: 뇌신경(혼합) | C9: CN V-3 삼차신경(아래턱신경) | D9: Trigeminal - Mandibular division | E9: 삼차신경절 | F9: 타원구멍을 통과해 관자아래오목으로 | G9: 씹기근(깨물근·관자근·안쪽/가쪽날개근), 턱목뿔근, 두힘살근 앞배, 고막긴장근, 입천장긴장근 | H9: 아래턱, 아래입술, 혀 앞2/3 촉각(미각은 얼굴신경 담당), 귀관자부위 | I9: 아래턱반사(jaw jerk) | J9: 하치조신경 손상(사랑니 발치 시), 타원구멍 병변 | K9: 턱끝구멍(턱끝신경) | L9: 삼차신경 중 유일하게 운동가지 포함, 씹기근마비 시 입을 벌리면 아래턱이 마비쪽으로 편위
A10: ☐ | B10: 뇌신경(운동) | C10: CN VI 갓돌림신경 | D10: Abducens nerve | E10: 다리뇌-숨뇌 경계 | F10: 두개저를 길게 주행하여 해면정맥굴을 지나 위눈확틈새로 (뇌신경 중 두개내 주행 최장) | G10: 가쪽곧은근 | H10: 없음 | I10: 없음 | J10: 긴 두개내 주행으로 두개내압 상승 시 가장 먼저 손상(false localizing sign) | K10: 해당없음 | L10: 손상 시 가쪽곧은근마비 - 안쪽사시, 수평복시(가쪽 시선 시 악화)
A11: ☐ | B11: 뇌신경(혼합) | C11: CN VII 얼굴신경 | D11: Facial nerve | E11: 다리뇌-숨뇌 경계 (속귀신경과 나란히) | F11: 속귀길 → 관자뼈 얼굴신경관 → 붓꼭지구멍으로 두개골 밖 → 귀밑샘 통과하며 5가지로 분지 | G11: 얼굴표정근 전체, 등자근, 두힘살근 뒤배, 붓목뿔근 (부교감-침샘/눈물샘 성분은 본 표에서 제외) | H11: 혀 앞2/3 미각(고실끈신경), 귓바퀴 일부 피부 | I11: 각막반사 원심로(눈둘레근 수축) | J11: 붓꼭지구멍 부근(귀밑샘 수술 시 손상 위험), 얼굴신경관 내 부종(벨마비) | K11: 해당없음 | L11: 벨마비(말초성)는 이마주름까지 마비되나, 중추성 마비는 이마 보존(양측 겉질핵 지배) - 감별점으로 시험 단골
A12: ☐ | B12: 뇌신경(감각) | C12: CN VIII 속귀신경 | D12: Vestibulocochlear nerve | E12: 다리뇌-숨뇌 경계 | F12: 속귀길을 통해 속귀(달팽이관·안뜰기관)로 | G12: 없음 | H12: 청각(달팽이신경), 평형감각(안뜰신경) | I12: 안뜰눈반사(전정안반사)의 구심로 | J12: 청신경집종(vestibular schwannoma, 속귀길 확장 소견) | K12: 해당없음 | L12: 청신경집종은 얼굴신경과 함께 속귀길을 지나 동반압박(안면마비+청력저하 동반 가능)
A13: ☐ | B13: 뇌신경(혼합) | C13: CN IX 혀인두신경 | D13: Glossopharyngeal nerve | E13: 숨뇌(연수) 올리브 뒤고랑 | F13: 목정맥구멍을 통해 두개골 밖으로 나와 붓인두근·인두벽으로 | G13: 붓인두근 | H13: 혀 뒤1/3 미각+일반감각, 인두 위부분, 중이(고실신경), 목동맥소체·목동맥굴 구심 | I13: 구역반사(gag reflex)의 구심로 | J13: 목정맥구멍증후군(IX·X·XI 동반손상) | K13: 해당없음 | L13: 구역반사 소실 시 구심로(IX)·원심로(X) 감별 필요, 설인신경통(삼킴 시 유발되는 당김통증)
A14: ☐ | B14: 뇌신경(혼합) | C14: CN X 미주신경 | D14: Vagus nerve | E14: 숨뇌 올리브 뒤고랑 (IX 아래쪽) | F14: 목정맥구멍 → 목동맥집 안에서 온목동맥·속목정맥과 동반 주행 → 가슴·배로 광범위 분포 | G14: 인두근육(붓인두근 제외), 후두근육 전체(되돌이후두신경), 물렁입천장근 | H14: 후두 점막(위후두신경), 귀바퀴·바깥귀길 일부, 인두·가슴·배 내장 일반감각 | I14: 구역반사 원심로, 기침반사 | J14: 왼되돌이후두신경(대동맥활을 감아돎 - 대동맥활 동맥류·가슴종양에 취약), 갑상샘절제술 시 손상 위험 | K14: 해당없음 | L14: 되돌이후두신경 손상 시 쉰목소리(단측)·기도폐쇄 위험(양측), 목동맥집 안에서 동맥·정맥과 나란히 주행
... A16: ☐ | B16: 뇌신경(운동) | C16: CN XII 혀밑신경 | D16: Hypoglossal nerve | E16: 숨뇌 앞면(피라미드-올리브 사이고랑) | F16: 혀밑신경관을 통해 두개골 밖으로 나와 아래턱뼈 아래를 지나 혀로 | G16: 혀 내재근+외재근 대부분(입천장혀근 제외, 미주신경 지배) | H16: 없음 | I16: 없음 | J16: 목동맥 수술(내막절제술) 시 손상 위험 | K16: 해당없음 | L16: 손상 시 혀를 내밀 때 손상측으로 편위(같은쪽 혀근육 약화)

Sheet 01_목신경얼기
A1: 목신경얼기 (Cervical Plexus, C1-C4) — 신경 학습 체크리스트 (총 6개)
A2: 체크 | B2: 그룹 | C2: 신경명(한글) | D2: 신경명(영문) | E2: 기시(신경뿌리/분절) | F2: 주행경로 | G2: 운동지배(지배근육) | H2: 감각지배(피부분포) | I2: 반사 | J2: 포착·손상호발부위 | K2: 촉진 포인트 | L2: 임상 포인트 | M2: 메모
A3: ☐ | B3: 목신경얼기 | C3: 가로막신경 | D3: Phrenic nerve | E3: C3-C5 (주로 C4, "C3,4,5 keeps the diaphragm alive") | F3: 앞목갈비근 앞면을 따라 내려가 가슴안으로 진입, 심장막을 따라 가로막까지 주행 | G3: 가로막(횡격막) | H3: 가로막 위아래 면 일부, 심장막, 가슴막 일부(중심부) | I3: 딸꾹질 반사궁의 일부 | J3: 목 수술·중심정맥관 삽입 시 손상 위험, 심장수술 시 손상 | K3: 해당없음 | L3: 손상 시 같은쪽 가로막마비 - 흉부X선에서 가로막 올라감, 심낭염의 가로막 자극이 어깨통증(C4 연관통)으로 나타남
A4: ☐ | B4: 목신경얼기 | C4: 목신경고리(경신경고리) | D4: Ansa cervicalis | E4: C1-C3 (위뿌리는 C1이 혀밑신경에 잠깐 편승, 아래뿌리는 C2-C3) | F4: 온목동맥집 앞면에서 위뿌리·아래뿌리가 고리 형태로 만남 | G4: 목뿔아래근육(어깨목뿔근, 복장목뿔근, 복장방패근) ※ 방패목뿔근은 목신경고리를 경유하지 않고 C1이 혀밑신경에 편승해 직접 지배 | H4: 없음 | I4: 없음 | J4: 갑상샘 수술 시 손상 가능(임상적 영향은 경미) | K4: 해당없음 | L4: 손상되어도 증상이 경미(발성에 큰 영향 없음) - 후두미세수술의 이식신경 공여부로 활용되기도 함
A5: ☐ | B5: 목신경얼기(피부가지) | C5: 큰귓바퀴신경 | D5: Great auricular nerve | E5: C2-C3 | F5: 목빗근 뒤모서리 중점(Erb점)에서 나와 귀 방향으로 주행 | G5: 없음 | H5: 귀밑샘부위 피부, 귓바퀴 아래부분, 아래턱각 피부 | I5: 없음 | J5: 귀밑샘절제술 시 손상 매우 흔함(가장 흔히 손상되는 목신경얼기 피부가지) | K5: 해당없음 | L5: 귀밑샘수술 후 귓불 감각저하의 원인 - 수술 전 환자설명 필수 항목
A6: ☐ | B6: 목신경얼기(피부가지) | C6: 목가로신경 | D6: Transverse cervical nerve | E6: C2-C3 | F6: 목빗근 뒤모서리 중점(Erb점)에서 나와 앞쪽으로 목을 가로질러 주행 | G6: 없음 | H6: 앞목 피부 | I6: 없음 | J6: 목 앞쪽 수술 시 손상 가능 | K6: 해당없음 | L6: 갑상샘수술 후 앞목 감각이상의 원인 중 하나
A7: ☐ | B7: 목신경얼기(피부가지) | C7: 빗장위신경 | D7: Supraclavicular nerves | E7: C3-C4 | F7: 목빗근 뒤모서리 중점(Erb점)에서 나와 아래가쪽 빗장뼈 부위로 주행(안쪽·중간·가쪽 가지) | G7: 없음 | H7: 빗장뼈부위, 어깨 위쪽 피부 | I7: 없음 | J7: 빗장뼈골절·어깨수술 시 손상 가능 | K7: 해당없음 | L7: 가로막 자극에 의한 어깨연관통(C4)과 혼동 주의 - 이 신경은 어깨 '피부' 감각만 담당
A8: ☐ | B8: 목신경얼기(피부가지) | C8: 작은뒤통수신경 | D8: Lesser occipital nerve | E8: C2 | F8: 목빗근 뒤모서리 중점(Erb점)에서 나와 위쪽 뒤통수 방향으로 주행 | G8: 없음 | H8: 뒤통수 가쪽부위, 귓바퀴 위쪽 피부 | I8: 없음 | J8: 목뒤 두통(occipital neuralgia)과 관련 | K8: 해당없음 | L8: 뒤통수신경통 - 큰뒤통수신경(C2 뒤가지, 척수신경 뒤가지 유래)과 감별 필요

Sheet 02_팔신경얼기
A1: 팔신경얼기 (Brachial Plexus, C5-T1) — 신경 학습 체크리스트 (총 13개)
A2: 체크 | B2: 그룹 | C2: 신경명(한글) | D2: 신경명(영문) | E2: 기시(신경뿌리/분절) | F2: 주행경로 | G2: 운동지배(지배근육) | H2: 감각지배(피부분포) | I2: 반사 | J2: 포착·손상호발부위 | K2: 촉진 포인트 | L2: 임상 포인트 | M2: 메모
A3: ☐ | B3: 팔신경얼기(신경뿌리) | C3: 긴가슴신경 | D3: Long thoracic nerve | E3: C5-C7 (신경뿌리에서 직접, 신경얼기 형성 전) | F3: 중간목갈비근을 뚫고 나와 앞톱니근 표면(가쪽가슴벽)을 따라 길게 아래로 주행 | G3: 앞톱니근 | H3: 없음 | I3: 없음 | J3: 겨드랑림프절절제술(유방암 수술) 시 손상 매우 흔함 - 표재성 주행으로 취약 | K3: 해당없음 | L3: 손상 시 날개어깨뼈(winging scapula) - 벽 미는 동작에서 두드러짐, 유방암 수술의 대표적 의인성 손상
A4: ☐ | B4: 팔신경얼기(신경뿌리) | C4: 어깨등신경(등쪽어깨신경) | D4: Dorsal scapular nerve | E4: C4-C5 (신경뿌리에서 직접) | F4: 중간목갈비근을 뚫고 나와 어깨올림근 깊은면을 지나 마름근 깊은면으로 내려감 | G4: 어깨올림근, 큰마름근, 작은마름근 | H4: 없음 | I4: 없음 | J4: 중간목갈비근 관통부 포착(어깨등신경포착증후군) | K4: 해당없음 | L4: 손상 시 안쪽형 날개어깨뼈(마름근 약화) — 긴가슴신경의 가쪽형과 감별 필요
A5: ☐ | B5: 팔신경얼기(위줄기) | C5: 어깨위신경 | D5: Suprascapular nerve | E5: C5-C6 (위줄기에서 직접) | F5: 어깨목뿔근 아래를 지나 어깨뼈 위패임(견갑절흔)을 통해 가시위오목으로 | G5: 가시위근, 가시아래근 | H5: 어깨관절 뒤쪽 일부(관절가지) | I5: 없음 | J5: 어깨뼈 위패임에서 포착(어깨위신경포착증후군) - 배구·야구 등 반복동작 운동선수 호발 | K5: 해당없음 | L5: 손상 시 팔벌림 시작(가시위근)·가쪽돌림(가시아래근) 약화 - 회전근개 손상과 증상 감별 필요
A6: ☐ | B6: 팔신경얼기(위줄기) | C6: 빗장밑근신경 | D6: Nerve to subclavius | E6: C5-C6 (위줄기) | F6: 빗장밑정맥 앞을 지나 빗장밑근으로 짧게 주행 | G6: 빗장밑근 | H6: 없음 | I6: 없음 | J6: 빗장뼈골절 시 손상 가능(임상적 영향 경미) | K6: 해당없음 | L6: 부신경가로막신경(accessory phrenic nerve)이 이 신경에서 갈라져 가로막신경에 합류하는 변이가 약 20-30%
A7: ☐ | B7: 팔신경얼기(가쪽·안쪽신경다발) | C7: 가쪽·안쪽가슴근신경 | D7: Lateral & medial pectoral nerves | E7: 가쪽=C5-C7(가쪽신경다발) / 안쪽=C8-T1(안쪽신경다발) | F7: 작은가슴근 위(가쪽) 또는 관통(안쪽)하여 큰가슴근 깊은면으로 | G7: 큰가슴근(가쪽·안쪽 모두), 작은가슴근(안쪽) | H7: 없음 | I7: 없음 | J7: 유방수술·가슴근 피판술 시 손상 위험 | K7: 해당없음 | L7: 이름과 달리 '가쪽'이 위쪽(빗장갈래), '안쪽'이 아래쪽 섬유를 주로 지배 — 가슴근 피판 거상 시 보존 대상
A8: ☐ | B8: 팔신경얼기(뒤신경다발) | C8: 가슴등신경 | D8: Thoracodorsal nerve | E8: C6-C8 (뒤신경다발) | F8: 어깨밑근 뒤쪽을 따라 내려가 넓은등근으로 | G8: 넓은등근 | H8: 없음 | I8: 없음 | J8: 겨드랑림프절절제술·넓은등근피판술 시 손상 위험 | K8: 해당없음 | L8: 넓은등근피판(유방재건술)의 혈관신경경(가슴등동맥과 동반)으로 수술적으로 중요
A9: ☐ | B9: 팔신경얼기(뒤신경다발) | C9: 위·아래어깨밑신경 | D9: Upper & Lower subscapular nerves | E9: C5-C6 (뒤신경다발) | F9: 어깨밑근 앞면을 따라 짧게 주행 | G9: 어깨밑근(위·아래 모두), 큰원근(아래어깨밑신경) | H9: 없음 | I9: 없음 | J9: 어깨관절수술 시 손상 가능 | K9: 해당없음 | L9: 회전근개(어깨밑근)의 안쪽돌림 기능 담당 - 손상 시 안쪽돌림 약화
A10: ☐ | B10: 팔신경얼기(안쪽신경다발) | C10: 안쪽위팔·안쪽아래팔피부신경 | D10: Medial brachial & antebrachial cutaneous nerves | E10: C8-T1 (안쪽신경다발) | F10: 겨드랑에서 갈라져 위팔·아래팔 안쪽 피부밑을 따라 내려감 | G10: 없음 (순수 감각신경) | H10: 위팔 안쪽면, 아래팔 안쪽면 피부 | I10: 없음 | J10: 겨드랑림프절절제술·안쪽 위팔 수술 시 손상 | K10: 해당없음 | L10: 겨드랑림프절절제술 후 위팔 안쪽 감각이상의 원인 — 갈비사이위팔신경(T2)과 분포가 겹쳐 감별 필요
A11: ☐ | B11: 팔신경얼기(뒤신경다발 끝가지) | C11: 겨드랑신경 | D11: Axillary nerve | E11: C5-C6 (뒤신경다발) | F11: 뒤위팔휨동맥과 함께 네모간극(quadrangular space)을 통과해 어깨세모근 아래로 | G11: 어깨세모근, 작은원근 | H11: 어깨 가쪽 피부("군인계급장" 부위) | I11: 없음 | J11: 어깨탈구, 위팔뼈 외과목 골절 시 손상 매우 흔함(네모간극 통과 중 취약) | K11: 해당없음 | L11: 손상 시 어깨 가쪽 감각저하+어깨세모근마비(팔벌림 90도 이상 어려움) - 어깨탈구정복 후 반드시 확인
A12: ☐ | B12: 팔신경얼기(가쪽신경다발 끝가지) | C12: 근육피부신경 | D12: Musculocutaneous nerve | E12: C5-C7 (가쪽신경다발) | F12: 부리위팔근을 뚫고 지나 위팔두갈래근과 위팔근 사이로 주행, 팔꿈치 부근에서 가쪽아래팔피부신경으로 이어짐 | G12: 위팔두갈래근, 위팔근, 부리위팔근 | H12: 아래팔 가쪽 피부(가쪽아래팔피부신경) | I12: 위팔두갈래근반사(biceps reflex, C5-C6) | J12: 부리위팔근 관통부 손상(드묾), 위팔 앞칸 심한 외상 | K12: 해당없음 | L12: 위팔두갈래근반사의 구심/원심 경로 - C5-C6 신경뿌리병증 평가에 사용
A13: ☐ | B13: 팔신경얼기(안쪽+가쪽신경다발 끝가지) | C13: 정중신경 | D13: Median nerve | E13: C6-T1 (안쪽·가쪽신경다발이 합쳐짐) | F13: 위팔에서 위팔동맥과 동반주행(안쪽→가쪽 교차), 팔꿈치에서 원엎침근 두 갈래 사이를 지나 아래팔 앞칸을 따라 내려가 손목굴을 통해 손으로 | G13: 아래팔 앞칸 대부분(자쪽손목굽힘근·손가락깊은굽힘근 안쪽half 제외), 엄지두덩근 일부(LOAF근: 엄지벌림근·맞섬근·짧은굽힘근 얕은갈래·1·2벌레근) | H13: 손바닥 가쪽 2/3(엄지~약지 절반), 해당 손가락 손등쪽 끝마디 | I13: 없음(단독 반사 없음) | J13: 손목굴(수근관, 가장 흔한 포착신경병증), 원엎침근증후군(팔꿈치부), 상과상골절 시 손상 | K13: 해당없음 (직접 촉진 어려움) | L13: 손목굴증후군의 대상신경(야간 손저림, Tinel/Phalen 징후 양성) - 손상 시 축복손(benediction hand) 또는 원숭이손 변형
A14: ☐ | B14: 팔신경얼기(안쪽신경다발 끝가지) | C14: 자신경 | D14: Ulnar nerve | E14: C8-T1 (안쪽신경다발) | F14: 위팔 안쪽을 내려가 안쪽위관절융기 뒤 자신경고랑(팔꿈치터널)을 지나 아래팔 안쪽을 따라 Guyon관을 통해 손으로 | G14: 자쪽손목굽힘근, 손가락깊은굽힘근 안쪽half, 손 내재근 대부분(뼈사이근, 새끼두덩근, 엄지모음근, 3·4벌레근) | H14: 손 안쪽 1/3(새끼손가락 전체+약지 절반), 손등 안쪽 일부 | I14: 없음(단독 반사 없음) | J14: 팔꿈치터널(자신경고랑, 두번째로 흔한 포착부위), Guyon관(손목) | K14: 안쪽위관절융기 뒤쪽 고랑 (팔꿈치를 부딪히면 저릿함이 오는 부위) | L14: 손상 시 갈퀴손(claw hand) 변형(4·5번째 손가락 두드러짐), Froment 징후(엄지모음근 약화 보상)
A15: ☐ | B15: 팔신경얼기(뒤신경다발 끝가지) | C15: 노신경 | D15: Radial nerve | E15: C5-T1 (뒤신경다발, 팔신경얼기 최대 가지) | F15: 위팔뼈 노신경고랑을 따라 뒤쪽에서 나선형으로 감아 돌며 내려가 가쪽위관절융기 앞쪽에서 얕은가지·깊은가지(뒤뼈사이신경)로 분지 | G15: 위팔세갈래근, 팔꿈치근, 아래팔 뒤칸(폄근) 전체, 위팔노근 | H15: 위팔·아래팔 뒤면, 손등 가쪽(엄지~중지 절반의 손등면) | I15: 위팔세갈래근반사(triceps reflex, C7-C8) | J15: 위팔뼈 몸통골절(노신경고랑 부위 - 가장 흔한 신경손상 동반골절), 회외근 포착(뒤뼈사이신경증후군), 겨드랑이 목발압박 | K15: 해당없음 | L15: 손목처짐(wrist drop)의 원인 신경 - 위팔뼈 중간축 골절 시 반드시 확인, "Saturday night palsy"로도 유명

Sheet 03_가슴신경
A1: 가슴신경 (Thoracic / Intercostal Nerves) — 신경 학습 체크리스트 (총 2개)
A2: 체크 | B2: 그룹 | C2: 신경명(한글) | D2: 신경명(영문) | E2: 기시(신경뿌리/분절) | F2: 주행경로 | G2: 운동지배(지배근육) | H2: 감각지배(피부분포) | I2: 반사 | J2: 포착·손상호발부위 | K2: 촉진 포인트 | L2: 임상 포인트 | M2: 메모
A3: ☐ | B3: 가슴신경 | C3: 갈비사이신경 | D3: Intercostal nerves (T1-T11) | E3: T1-T11 배쪽가지 (분절적 주행, 신경얼기 형성 안 함) | F3: 갈비뼈 아래모서리 갈비고랑을 따라 앞으로 주행 (정맥-동맥-신경 순, VAN) | G3: 갈비사이근(바깥·속·맨속), 배벽근육 일부(하위갈비사이신경 T7-T11) | H3: 가슴벽·배벽 피부(분절적 띠모양) - T4=젖꼭지 높이, T10=배꼽 높이 | I3: 배피부반사(복벽반사, T7-T12) | J3: 대상포진(분절성 발진), 개흉수술 후 갈비사이신경통 | K3: 해당없음 | L3: T4=젖꼭지, T10=배꼽 감각높이는 척수손상 평면(level) 진단의 핵심 랜드마크
A4: ☐ | B4: 가슴신경 | C4: 갈비밑신경 | D4: Subcostal nerve (T12) | E4: T12 배쪽가지 | F4: 12번째 갈비뼈 아래모서리를 따라 주행하여 배벽으로 진입, 허리신경얼기 형성에 일부 기여 | G4: 배벽근육 일부(배가로근, 배속빗근) | H4: 아래배벽·볼기 위가쪽 피부 | I4: 없음 | J4: 옆구리 신장수술(콩팥절제술) 접근 시 손상 위험 | K4: 해당없음 | L4: 콩팥수술(옆구리 절개) 후 배벽 근력약화·감각이상의 원인이 될 수 있음

Sheet 04_허리신경얼기
A1: 허리신경얼기 (Lumbar Plexus, L1-L4) — 신경 학습 체크리스트 (총 7개)
A2: 체크 | B2: 그룹 | C2: 신경명(한글) | D2: 신경명(영문) | E2: 기시(신경뿌리/분절) | F2: 주행경로 | G2: 운동지배(지배근육) | H2: 감각지배(피부분포) | I2: 반사 | J2: 포착·손상호발부위 | K2: 촉진 포인트 | L2: 임상 포인트 | M2: 메모
A3: ☐ | B3: 허리신경얼기 | C3: 엉덩아랫배신경 | D3: Iliohypogastric nerve | E3: L1 | F3: 허리네모근 앞면을 지나 배가로근·배속빗근 사이로 주행하여 아래배벽으로 | G3: 배가로근, 배속빗근(아래부분) | H3: 아래배벽(두덩위부위), 볼기 가쪽 위부분 피부 | I3: 없음 | J3: 충수절제술(McBurney 절개)·샅고랑탈장수술 시 손상 위험 | K3: 해당없음 | L3: 탈장수술 후 만성 샅고랑부위 통증(신경종·포착)의 흔한 원인신경 중 하나
A4: ☐ | B4: 허리신경얼기 | C4: 엉덩샅고랑신경 | D4: Ilioinguinal nerve | E4: L1 | F4: 엉덩아랫배신경과 나란히 주행하다 샅고랑관을 통과하여 나옴 | G4: 배가로근·배속빗근 아래부분(엉덩아랫배신경과 공유) | H4: 두덩부위 피부, 음낭 위쪽/대음순 앞부분 피부 | I4: 고환올림근반사 구심로 일부 기여 | J4: 샅고랑탈장수술 시 손상·포착 매우 흔함(만성 샅고랑통증 주원인) | K4: 해당없음 | L4: 탈장수술 후 만성통증증후군의 대표 원인신경 - 그물망(mesh) 고정 시 신경포착 주의
A5: ☐ | B5: 허리신경얼기 | C5: 생식넙다리신경 | D5: Genitofemoral nerve | E5: L1-L2 | F5: 허리근을 뚫고 나와 앞면을 타고 내려가 생식가지·넙다리가지로 분지 | G5: 고환올림근(생식가지, 남성) | H5: 음낭/대음순 앞부분(생식가지), 넙다리 위앞부분 피부(넙다리가지) | I5: 고환올림근반사(cremasteric reflex, L1-L2)의 구심+원심로 | J5: 샅고랑탈장수술, 후복막강 수술 시 손상 위험 | K5: 해당없음 | L5: 고환올림근반사(L1-L2 평가) - 신경학적 검사에서 척수손상 수준 확인에 사용
A6: ☐ | B6: 허리신경얼기 | C6: 가쪽넙다리피부신경 | D6: Lateral femoral cutaneous nerve | E6: L2-L3 | F6: 허리근 가쪽모서리로 나와 골반 안쪽을 지나 위앞엉덩가시 안쪽 아래로 샅고랑인대 밑을 통과 | G6: 없음 (순수 감각신경) | H6: 넙다리 앞가쪽 피부 | I6: 없음 | J6: 샅고랑인대 통과부에서 포착 (감각이상성 대퇴신경통, meralgia paresthetica - 비만·임신·꽉 끼는 벨트와 관련) | K6: 해당없음 | L6: 감각이상성 대퇴신경통의 원인신경 - 순수 감각신경이라 운동장애 없이 저림·감각이상만 나타남
A7: ☐ | B7: 허리신경얼기(최대 가지) | C7: 넙다리신경 | D7: Femoral nerve | E7: L2-L4 | F7: 허리근과 엉덩근 사이 고랑을 따라 내려가 샅고랑인대 아래(넙다리혈관 가쪽)를 지나 넙다리세모로 | G7: 넙다리네갈래근(넙다리곧은근·안쪽/중간/가쪽넓은근), 넙다리빗근, 두덩근 | H7: 넙다리 앞면 피부, 정강 안쪽면(두렁신경, 무릎 아래까지 이어짐) | I7: 무릎반사(patellar reflex, 주로 L4) | J7: 골반골절, 후복막강 혈종(허리근 안에서 압박), 넙다리혈관 카테터 시술 시 인접 손상 | K7: 해당없음 | L7: 무릎반사의 구심/원심 경로(L4 평가) - 손상 시 무릎펴짐 약화·계단오르기 곤란, 두렁신경은 무릎 아래까지 감각을 담당하는 유일한 넙다리신경 가지
A8: ☐ | B8: 허리신경얼기(넙다리신경 가지) | C8: 두렁신경(복재신경) | D8: Saphenous nerve | E8: L3-L4 (넙다리신경 최대 피부가지) | F8: 넙다리세모에서 모음근관(Hunter관)을 따라 내려가다 관을 뚫고 나와 무릎 안쪽·정강 안쪽으로 표재화 | G8: 없음 (순수 감각신경) | H8: 무릎 안쪽, 정강 안쪽면, 발 안쪽모서리까지 | I8: 없음 | J8: 모음근관 출구 포착, 무릎관절경·큰두렁정맥 제거술(stripping) 시 손상 | K8: 해당없음 | L8: 무릎 아래까지 내려가는 유일한 넙다리신경 가지 — 하지정맥류 수술 후 정강 안쪽 저림의 대표 원인
A9: ☐ | B9: 허리신경얼기 | C9: 폐쇄신경 | D9: Obturator nerve | E9: L2-L4 | F9: 허리근 안쪽모서리를 따라 내려가 골반 옆벽을 지나 폐쇄구멍(폐쇄관)을 통해 넙다리 안쪽으로 | G9: 모음근군(긴/짧은/큰모음근, 두덩근, 두덩정강근), 바깥폐쇄근 | H9: 넙다리 안쪽면 피부(작은 영역) | I9: 모음근반사(obturator reflex, 임상에서는 덜 흔히 사용) | J9: 골반수술(부인과 수술), 난산 시 압박손상 | K9: 해당없음 | L9: 손상 시 넙다리모음 약화 - 다리를 꼬거나 모으는 동작 어려움, 고관절 치환술의 대표적 의인성 손상신경 중 하나

Sheet 05_엉치신경얼기
A1: 엉치신경얼기 (Sacral Plexus, L4-S4) — 신경 학습 체크리스트 (총 13개)
A2: 체크 | B2: 그룹 | C2: 신경명(한글) | D2: 신경명(영문) | E2: 기시(신경뿌리/분절) | F2: 주행경로 | G2: 운동지배(지배근육) | H2: 감각지배(피부분포) | I2: 반사 | J2: 포착·손상호발부위 | K2: 촉진 포인트 | L2: 임상 포인트 | M2: 메모
A3: ☐ | B3: 엉치신경얼기 | C3: 위볼기신경 | D3: Superior gluteal nerve | E3: L4-S1 | F3: 큰궁둥구멍(궁둥구멍근 위구멍)을 지나 볼기부위 중간층으로(중간볼기근·작은볼기근 사이) | G3: 중간볼기근, 작은볼기근, 넙다리근막긴장근 | H3: 없음 | I3: 없음 | J3: 볼기부위 근육주사(잘못된 위치), 인공고관절수술 시 손상 위험 | K3: 해당없음 | L3: 손상 시 Trendelenburg 보행(반대쪽 골반이 처짐 - 중간볼기근 약화로 골반안정 실패)
A4: ☐ | B4: 엉치신경얼기 | C4: 아래볼기신경 | D4: Inferior gluteal nerve | E4: L5-S2 | F4: 큰궁둥구멍(궁둥구멍근 아래구멍)을 지나 큰볼기근 깊은면으로 | G4: 큰볼기근 | H4: 없음 | I4: 없음 | J4: 볼기부위 깊은 자상·수술 시 손상 위험 | K4: 해당없음 | L4: 손상 시 엉덩관절 폄력 약화 - 계단오르기·앉았다 일어서기 곤란(걷기 자체는 대개 유지)
A5: ☐ | B5: 엉치신경얼기(깊은가지) | C5: 궁둥구멍근신경 | D5: Nerve to piriformis | E5: S1-S2 | F5: 궁둥구멍근 앞면으로 짧게 직접 주행 | G5: 궁둥구멍근 | H5: 없음 | I5: 없음 | J5: 골반 내 종양·수술 시 손상(드묾) | K5: 해당없음 | L5: 궁둥구멍근증후군은 이 신경의 병변이 아니라 근육이 궁둥신경을 압박해 생기는 것 — 혼동 주의
A6: ☐ | B6: 엉치신경얼기(깊은가지) | C6: 속폐쇄근신경 | D6: Nerve to obturator internus | E6: L5-S2 | F6: 큰궁둥구멍(궁둥구멍근 아래구멍)을 나와 궁둥뼈가시를 돌아 작은궁둥구멍으로 재진입 | G6: 속폐쇄근, 위쌍둥이근 | H6: 없음 | I6: 없음 | J6: 골반수술·궁둥가시 부근 시술 시 손상 | K6: 해당없음 | L6: 속음부신경·음부신경과 같이 궁둥가시를 돌아 나가는 3구조 중 하나(음부신경차단 시 함께 마취됨)
A7: ☐ | B7: 엉치신경얼기(깊은가지) | C7: 넙다리네모근신경 | D7: Nerve to quadratus femoris | E7: L4-S1 | F7: 궁둥신경 깊은면을 따라 내려가 넙다리네모근 앞면으로 | G7: 넙다리네모근, 아래쌍둥이근 | H7: 엉덩관절 뒤쪽 관절가지(감각) | I7: 없음 | J7: 인공고관절 후방접근술 시 손상 | K7: 해당없음 | L7: 엉덩관절에 감각가지를 내는 신경 — 고관절 병변의 연관통 경로 중 하나
A8: ☐ | B8: 엉치신경얼기(인체 최대 신경) | C8: 궁둥신경(좌골신경) | D8: Sciatic nerve | E8: L4-S3 | F8: 대개 궁둥구멍근 아래구멍을 통해 골반을 나와 볼기근 심부, 넙다리 뒤쪽을 따라 내려가 오금 위쪽에서 정강신경·온종아리신경으로 분지 | G8: 뒤넙다리근육 전체(반힘줄모양근, 반막모양근, 넙다리두갈래근), 큰모음근 일부 - 이후 정강/온종아리신경 성분을 통해 다리 아래 전체 근육 | H8: 직접 피부분포 없음 (가지들을 통해 다리 아래 대부분) | I8: 발목반사(정강신경 통해, S1-S2) | J8: 궁둥구멍근증후군(이상근증후군)(궁둥신경이 이상근을 뚫거나 눌리는 해부학적 변이), 볼기 근육주사 오류, 고관절 후방탈구 | K8: 궁둥뼈결절과 큰돌기 사이 중점 부근(깊게 촉진) | L8: 인체에서 가장 굵고 긴 신경 - 손상 시 무릎 아래 전체 운동·감각 마비, 볼기근육주사는 반드시 가쪽위구역에 시행
A9: ☐ | B9: 엉치신경얼기(궁둥신경 가지) | C9: 정강신경 | D9: Tibial nerve | E9: L4-S3 (궁둥신경 안쪽분지, 오금 위쪽에서 분리) | F9: 오금을 지나 다리 뒤칸 깊은층(가자미근 아래)을 따라 내려가 안쪽복사 뒤(정강신경관)를 지나 발바닥으로 | G9: 다리 뒤칸 전체(장딴지근, 가자미근, 뒤정강근, 긴발가락굽힘근 등), 발바닥 내재근 대부분 | H9: 발바닥 전체, 장딴지 뒤면 일부(장딴지신경 기여) | I9: 발목반사(achilles reflex, S1-S2) | J9: 발목굴증후군(tarsal tunnel syndrome, 안쪽복사 뒤), 오금부위 종괴 압박 | K9: 오금 중앙(오금동맥과 인접, 가장 얕은층) | L9: 발목반사(S1 평가)의 구심/원심 경로 - 손상 시 발바닥굽힘 약화·발바닥 감각소실(발꿈치로 걷기 어려움)
A10: ☐ | B10: 엉치신경얼기(궁둥신경 가지) | C10: 온종아리신경(총비골신경) | D10: Common fibular (peroneal) nerve | E10: L4-S2 (궁둥신경 가쪽분지, 오금 위쪽에서 분리) | F10: 넙다리두갈래근 힘줄 안쪽을 따라 가쪽으로 주행하여 종아리뼈 목을 감아 돌아 앞·가쪽칸으로 진입(얕은·깊은종아리신경으로 분지) | G10: 다리 앞칸(긴발가락폄근 등, 깊은종아리신경)과 가쪽칸(긴/짧은종아리근, 얕은종아리신경) | H10: 정강 앞가쪽면, 발등(첫째-둘째 발가락 사이는 깊은종아리신경 단독) | I10: 없음(단독 반사 없음) | J10: 종아리뼈목(fibular neck) - 하지에서 가장 흔한 포착·압박신경병증 부위(다리 꼬기, 깁스 압박, 무릎수술) | K10: 종아리뼈머리 바로 뒤아래 | L10: 발처짐(foot drop)의 가장 흔한 원인신경 - 종아리뼈목 골절·압박에 매우 취약(표재성 주행)
A11: ☐ | B11: 엉치신경얼기(온종아리신경 가지) | C11: 깊은종아리신경 | D11: Deep fibular (peroneal) nerve | E11: L4-S1 | F11: 종아리뼈목에서 갈라져 앞칸으로 들어가 앞정강동맥과 나란히 내려가 발등으로 | G11: 다리 앞칸 전체(앞정강근, 긴발가락폄근, 긴엄지폄근, 셋째종아리근), 발등 짧은폄근 | H11: 첫째-둘째 발가락 사이 등쪽 물갈퀴(web space) — 단독 감각영역 | I11: 없음 | J11: 종아리뼈목, 앞발목굴증후군(폄근지지띠 아래) | K11: 해당없음 | L11: 발처짐(foot drop)의 직접 원인신경 — 첫·둘째 발가락 사이 감각소실이 특징적 소견
A12: ☐ | B12: 엉치신경얼기(온종아리신경 가지) | C12: 얕은종아리신경 | D12: Superficial fibular (peroneal) nerve | E12: L5-S1 | F12: 종아리뼈목에서 갈라져 가쪽칸을 따라 내려가 다리 먼쪽 1/3에서 깊은근막을 뚫고 표재화 | G12: 가쪽칸(긴종아리근, 짧은종아리근) | H12: 정강 아래가쪽면, 발등 대부분(첫·둘째 발가락 사이 제외) | I12: 없음 | J12: 다리 먼쪽 근막 관통부 포착, 발목염좌 시 견인손상 | K12: 해당없음 | L12: 가쪽번짐 약화 + 발등 감각저하 조합 — 깊은종아리신경 단독손상과 감각영역으로 감별
A13: ☐ | B13: 엉치신경얼기(피부가지) | C13: 장딴지신경(비복신경) | D13: Sural nerve | E13: 정강신경(안쪽장딴지피부신경) + 온종아리신경(가쪽장딴지피부신경 교통가지) 합류 | F13: 장딴지 뒤면 정중선을 따라 내려가 아킬레스건 가쪽·가쪽복사 뒤를 지나 발 가쪽모서리로 | G13: 없음 (순수 감각신경) | H13: 장딴지 아래뒤면, 가쪽복사, 발 가쪽모서리·새끼발가락 | I13: 없음 | J13: 가쪽복사 뒤 표재주행부 외상, 아킬레스건 수술 시 손상 | K13: 가쪽복사와 아킬레스건 사이(피부밑에서 촉지 가능) | L13: 신경생검·신경이식의 표준 공여신경(순수 감각신경이라 채취해도 운동장애 없음) — 비복신경전도검사의 대상
A14: ☐ | B14: 엉치신경얼기 | C14: 뒤넙다리피부신경 | D14: Posterior femoral cutaneous nerve | E14: S1-S3 | F14: 궁둥구멍근 아래구멍을 지나 궁둥신경과 나란히 넙다리 뒤쪽 피부밑으로 내려감 | G14: 없음 (순수 감각신경) | H14: 넙다리 뒤면, 볼기 아래주름 피부 | I14: 없음 | J14: 좌식 압박(장시간 앉기), 볼기부위 수술 | K14: 해당없음 | L14: 궁둥신경과 감별해야 하는 순수감각신경 - 운동장애 없이 넙다리 뒤쪽 저림만 있다면 이 신경 병변 의심
A15: ☐ | B15: 엉치신경얼기 | C15: 음부신경 | D15: Pudendal nerve | E15: S2-S4 ("S2,3,4 keeps the pelvic organs off the floor") | F15: 궁둥구멍근 아래구멍을 나왔다가 궁둥가시를 돌아(엉치가시인대 뒤) 작은궁둥구멍을 통해 음부관(Alcock관)으로 재진입 | G15: 골반바닥근(항문올림근 일부), 요도·항문의 가로무늬 조임근(수의조절), 회음근육 | H15: 외생식기, 항문 주위 피부 | I15: 구불신경반사(bulbocavernosus reflex, S2-S4) | J15: 음부신경통(장시간 자전거타기), 분만 시 신경손상, 음부관 포착 | K15: 궁둥가시(질/직장 검진 시 촉지 기준점, 음부신경차단 시술의 랜드마크) | L15: 요실금·변실금과 관련된 핵심신경(가로무늬조임근 수의조절) - 분만 시 음부신경차단의 해부학적 기준점(궁둥가시)
